[{"ingredient_id": 1, "ingredient_category_id": 1, "name": "Agar"},
 {"ingredient_id": 2, "ingredient_category_id": 1, "name": "Spirulina"},
 {"ingredient_id": 3, "ingredient_category_id": 1, "name": "Salt"},
 {"ingredient_id": 4, "ingredient_category_id": 1, "name": "Sugar"},
 {"ingredient_id": 5, "ingredient_category_id": 1, "name": "Casein"},
 {"ingredient_id": 6, "ingredient_category_id": 1, "name": "Leavening agent"},
 {"ingredient_id": 7, "ingredient_category_id": 1, "name": "Gelatin"},
 {"ingredient_id": 8, "ingredient_category_id": 1, "name": "Water"},
 {"ingredient_id": 9, "ingredient_category_id": 1, "name": "Syrup"},
 {"ingredient_id": 10, "ingredient_category_id": 1, "name": "Miso"},
 {"ingredient_id": 11, "ingredient_category_id": 1, "name": "Icing"},
 {"ingredient_id": 12, "ingredient_category_id": 1, "name": "Topping"},
 {"ingredient_id": 13, "ingredient_category_id": 1, "name": "Gelatin dessert"},
 {"ingredient_id": 14, "ingredient_category_id": 1, "name": "Pectin"},
 {"ingredient_id": 15, "ingredient_category_id": 1, "name": "Spread"},
 {"ingredient_id": 16, "ingredient_category_id": 1, "name": "Ketchup"},
 {"ingredient_id": 17, "ingredient_category_id": 1, "name": "Cooking oil"},
 {"ingredient_id": 18, "ingredient_category_id": 1, "name": "Shortening"},
 {"ingredient_id": 19, "ingredient_category_id": 1, "name": "Molasses"},
 {"ingredient_id": 20, "ingredient_category_id": 1, "name": "Stuffing"},
 {"ingredient_id": 21, "ingredient_category_id": 1, "name": "Margarine"},
 {"ingredient_id": 22, "ingredient_category_id": 1, "name": "Baking Powder"},
 {"ingredient_id": 23, "ingredient_category_id": 1, "name": "Monosodium Glutamate"},
 {"ingredient_id": 24, "ingredient_category_id": 1, "name": "Citric Acid"},
 {"ingredient_id": 25, "ingredient_category_id": 1, "name": "Cooking Spray"},
 {"ingredient_id": 26, "ingredient_category_id": 1, "name": "Gelatin"},
 {"ingredient_id": 27, "ingredient_category_id": 1, "name": "Food Coloring"},
 {"ingredient_id": 28, "ingredient_category_id": 1, "name": "Liquid Smoke"},
 {"ingredient_id": 29, "ingredient_category_id": 2, "name": "Bread"},
 {"ingredient_id": 30, "ingredient_category_id": 2, "name": "Rye Bread"},
 {"ingredient_id": 31, "ingredient_category_id": 2, "name": "Wheaten Bread"},
 {"ingredient_id": 32, "ingredient_category_id": 2, "name": "White Bread"},
 {"ingredient_id": 33, "ingredient_category_id": 2, "name": "Wholewheat Bread"},
 {"ingredient_id": 34, "ingredient_category_id": 2, "name": "Fried Potato"},
 {"ingredient_id": 35, "ingredient_category_id": 2, "name": "Pasta"},
 {"ingredient_id": 36, "ingredient_category_id": 2, "name": "Biscuit"},
 {"ingredient_id": 37, "ingredient_category_id": 2, "name": "Marshmallow"},
 {"ingredient_id": 38, "ingredient_category_id": 2, "name": "Meringue"},
 {"ingredient_id": 39, "ingredient_category_id": 2, "name": "Potato chip"},
 {"ingredient_id": 40, "ingredient_category_id": 2, "name": "Tortilla chip"},
 {"ingredient_id": 41, "ingredient_category_id": 2, "name": "Corn chip"},
 {"ingredient_id": 42, "ingredient_category_id": 2, "name": "Phyllo dough"},
 {"ingredient_id": 43, "ingredient_category_id": 2, "name": "Pie crust"},
 {"ingredient_id": 44, "ingredient_category_id": 2, "name": "Pita bread"},
 {"ingredient_id": 45, "ingredient_category_id": 2, "name": "Focaccia"},
 {"ingredient_id": 46, "ingredient_category_id": 2, "name": "Bagel"},
 {"ingredient_id": 47, "ingredient_category_id": 2, "name": "Piki bread"},
 {"ingredient_id": 48, "ingredient_category_id": 2, "name": "French toast"},
 {"ingredient_id": 49, "ingredient_category_id": 2, "name": "Oat bread"},
 {"ingredient_id": 50, "ingredient_category_id": 2, "name": "Potato bread"},
 {"ingredient_id": 51, "ingredient_category_id": 2, "name": "Multigrain bread"},
 {"ingredient_id": 52, "ingredient_category_id": 2, "name": "Rice bread"},
 {"ingredient_id": 53, "ingredient_category_id": 2, "name": "Pan dulce"},
 {"ingredient_id": 54, "ingredient_category_id": 2, "name": "Raisin bread"},
 {"ingredient_id": 55, "ingredient_category_id": 2, "name": "Wonton wrapper"},
 {"ingredient_id": 56, "ingredient_category_id": 2, "name": "Chocolate mousse"},
 {"ingredient_id": 57, "ingredient_category_id": 2, "name": "Fudge"},
 {"ingredient_id": 58, "ingredient_category_id": 2, "name": "Candy bar"},
 {"ingredient_id": 59, "ingredient_category_id": 3, "name": "Wort"},
 {"ingredient_id": 60, "ingredient_category_id": 3, "name": "Coffee"},
 {"ingredient_id": 61, "ingredient_category_id": 3, "name": "Mate"},
 {"ingredient_id": 62, "ingredient_category_id": 3, "name": "Black Tea"},
 {"ingredient_id": 63, "ingredient_category_id": 3, "name": "Green Tea"},
 {"ingredient_id": 64, "ingredient_category_id": 3, "name": "Roibos Tea"},
 {"ingredient_id": 65, "ingredient_category_id": 3, "name": "Arabica coffee"},
 {"ingredient_id": 66, "ingredient_category_id": 3, "name": "Hot chocolate"},
 {"ingredient_id": 67, "ingredient_category_id": 3, "name": "Hibiscus tea"},
 {"ingredient_id": 68, "ingredient_category_id": 3, "name": "Soy milk"},
 {"ingredient_id": 69, "ingredient_category_id": 3, "name": "Cocktail"},
 {"ingredient_id": 70, "ingredient_category_id": 3, "name": "Coffee mocha"},
 {"ingredient_id": 71, "ingredient_category_id": 3, "name": "Fruit juice"},
 {"ingredient_id": 72, "ingredient_category_id": 3, "name": "Greenthread tea"},
 {"ingredient_id": 73, "ingredient_category_id": 3, "name": "Vegetable juice"},
 {"ingredient_id": 74, "ingredient_category_id": 3, "name": "Horchata"},
 {"ingredient_id": 75, "ingredient_category_id": 3, "name": "Soft drink"},
 {"ingredient_id": 76, "ingredient_category_id": 3, "name": "Milkshake"},
 {"ingredient_id": 77, "ingredient_category_id": 3, "name": "Coconut Milk"},
 {"ingredient_id": 78, "ingredient_category_id": 3, "name": "Lemon Juice"},
 {"ingredient_id": 79, "ingredient_category_id": 3, "name": "Tomato Juice"},
 {"ingredient_id": 80, "ingredient_category_id": 3, "name": "Arrack"},
 {"ingredient_id": 81, "ingredient_category_id": 3, "name": "Beer"},
 {"ingredient_id": 82, "ingredient_category_id": 3, "name": "Bantu Beer"},
 {"ingredient_id": 83, "ingredient_category_id": 3, "name": "Brandy"},
 {"ingredient_id": 84, "ingredient_category_id": 3, "name": "Anise Brandy"},
 {"ingredient_id": 85, "ingredient_category_id": 3, "name": "Apple Brandy"},
 {"ingredient_id": 86, "ingredient_category_id": 3, "name": "Armagnac Brandy"},
 {"ingredient_id": 87, "ingredient_category_id": 3, "name": "Blackberry Brandy"},
 {"ingredient_id": 88, "ingredient_category_id": 3, "name": "Cherry Brandy"},
 {"ingredient_id": 89, "ingredient_category_id": 3, "name": "Cognac Brandy"},
 {"ingredient_id": 90, "ingredient_category_id": 3, "name": "Papaya Brandy"},
 {"ingredient_id": 91, "ingredient_category_id": 3, "name": "Pear Brandy"},
 {"ingredient_id": 92, "ingredient_category_id": 3, "name": "Plum Brandy"},
 {"ingredient_id": 93, "ingredient_category_id": 3, "name": "Raspberry Brandy"},
 {"ingredient_id": 94, "ingredient_category_id": 3, "name": "Weinbrand Brandy"},
 {"ingredient_id": 95, "ingredient_category_id": 3, "name": "Gin"},
 {"ingredient_id": 96, "ingredient_category_id": 3, "name": "Rum"},
 {"ingredient_id": 97, "ingredient_category_id": 3, "name": "Whisky"},
 {"ingredient_id": 98, "ingredient_category_id": 3, "name": "Bourbon Whisky"},
 {"ingredient_id": 99, "ingredient_category_id": 3, "name": "Canadian Whisky"},
 {"ingredient_id": 100, "ingredient_category_id": 3, "name": "Finnish Whisky"},
 {"ingredient_id": 101, "ingredient_category_id": 3, "name": "Japanese Whisky"},
 {"ingredient_id": 102, "ingredient_category_id": 3, "name": "Malt Whisky"},
 {"ingredient_id": 103, "ingredient_category_id": 3, "name": "Scotch"},
 {"ingredient_id": 104, "ingredient_category_id": 3, "name": "Wine"},
 {"ingredient_id": 105, "ingredient_category_id": 3, "name": "Bilberry Wine"},
 {"ingredient_id": 106, "ingredient_category_id": 3, "name": "Botrytized Wine"},
 {"ingredient_id": 107, "ingredient_category_id": 3, "name": "Champagne"},
 {"ingredient_id": 108, "ingredient_category_id": 3, "name": "Cider"},
 {"ingredient_id": 109, "ingredient_category_id": 3, "name": "Plum Wine"},
 {"ingredient_id": 110, "ingredient_category_id": 3, "name": "Port Wine"},
 {"ingredient_id": 111, "ingredient_category_id": 3, "name": "Red Wine"},
 {"ingredient_id": 112, "ingredient_category_id": 3, "name": "Rose Wine"},
 {"ingredient_id": 113, "ingredient_category_id": 3, "name": "Sake"},
 {"ingredient_id": 114, "ingredient_category_id": 3, "name": "Sherry"},
 {"ingredient_id": 115, "ingredient_category_id": 3, "name": "Sparkling Wine"},
 {"ingredient_id": 116, "ingredient_category_id": 3, "name": "Strawberry Wine"},
 {"ingredient_id": 117, "ingredient_category_id": 3, "name": "White Wine"},
 {"ingredient_id": 118, "ingredient_category_id": 3, "name": "Spirit"},
 {"ingredient_id": 119, "ingredient_category_id": 3, "name": "Berry wine"},
 {"ingredient_id": 120, "ingredient_category_id": 3, "name": "Vodka"},
 {"ingredient_id": 121, "ingredient_category_id": 3, "name": "Vermouth"},
 {"ingredient_id": 122, "ingredient_category_id": 3, "name": "Madeira wine"},
 {"ingredient_id": 123, "ingredient_category_id": 3, "name": "Hops Beer"},
 {"ingredient_id": 124, "ingredient_category_id": 3, "name": "Tequila"},
 {"ingredient_id": 125, "ingredient_category_id": 4, "name": "Barley"},
 {"ingredient_id": 126, "ingredient_category_id": 4, "name": "Crispbread"},
 {"ingredient_id": 127, "ingredient_category_id": 4, "name": "Malt"},
 {"ingredient_id": 128, "ingredient_category_id": 4, "name": "Oats"},
 {"ingredient_id": 129, "ingredient_category_id": 4, "name": "Rice"},
 {"ingredient_id": 130, "ingredient_category_id": 4, "name": "Rye"},
 {"ingredient_id": 131, "ingredient_category_id": 4, "name": "Basmati Rice"},
 {"ingredient_id": 132, "ingredient_category_id": 4, "name": "Tartary buckwheat"},
 {"ingredient_id": 133, "ingredient_category_id": 4, "name": "Sorghum"},
 {"ingredient_id": 134, "ingredient_category_id": 4, "name": "Wheat"},
 {"ingredient_id": 135, "ingredient_category_id": 4, "name": "Red rice"},
 {"ingredient_id": 136, "ingredient_category_id": 4, "name": "Hard wheat"},
 {"ingredient_id": 137, "ingredient_category_id": 4, "name": "Triticale"},
 {"ingredient_id": 138, "ingredient_category_id": 4, "name": "Breakfast cereal"},
 {"ingredient_id": 139, "ingredient_category_id": 4, "name": "Sourdough"},
 {"ingredient_id": 140, "ingredient_category_id": 4, "name": "Quinoa"},
 {"ingredient_id": 141, "ingredient_category_id": 4, "name": "Spelt"},
 {"ingredient_id": 142, "ingredient_category_id": 4, "name": "Wild rice"},
 {"ingredient_id": 143, "ingredient_category_id": 4, "name": "Oriental wheat"},
 {"ingredient_id": 144, "ingredient_category_id": 4, "name": "Bulgur"},
 {"ingredient_id": 145, "ingredient_category_id": 4, "name": "Semolina"},
 {"ingredient_id": 146, "ingredient_category_id": 4, "name": "Flour"},
 {"ingredient_id": 147, "ingredient_category_id": 4, "name": "Brown Rice"},
 {"ingredient_id": 148, "ingredient_category_id": 5, "name": "Butter"},
 {"ingredient_id": 149, "ingredient_category_id": 5, "name": "Buttermilk"},
 {"ingredient_id": 150, "ingredient_category_id": 5, "name": "Cheese"},
 {"ingredient_id": 151, "ingredient_category_id": 5, "name": "Blue Cheese"},
 {"ingredient_id": 152, "ingredient_category_id": 5, "name": "Camembert Cheese"},
 {"ingredient_id": 153, "ingredient_category_id": 5, "name": "Cheddar Cheese"},
 {"ingredient_id": 154, "ingredient_category_id": 5, "name": "Comte Cheese"},
 {"ingredient_id": 155, "ingredient_category_id": 5, "name": "Cottage Cheese"},
 {"ingredient_id": 156, "ingredient_category_id": 5, "name": "Cream Cheese"},
 {"ingredient_id": 157, "ingredient_category_id": 5, "name": "Domiati Cheese"},
 {"ingredient_id": 158, "ingredient_category_id": 5, "name": "Emmental Cheese"},
 {"ingredient_id": 159, "ingredient_category_id": 5, "name": "Feta Cheese"},
 {"ingredient_id": 160, "ingredient_category_id": 5, "name": "Goat Cheese"},
 {"ingredient_id": 161, "ingredient_category_id": 5, "name": "Gruyere Cheese"},
 {"ingredient_id": 162, "ingredient_category_id": 5, "name": "Limburger Cheese"},
 {"ingredient_id": 163, "ingredient_category_id": 5, "name": "Mozzarella Cheese"},
 {"ingredient_id": 164, "ingredient_category_id": 5, "name": "Munster Cheese"},
 {"ingredient_id": 165, "ingredient_category_id": 5, "name": "Parmesan Cheese"},
 {"ingredient_id": 166, "ingredient_category_id": 5, "name": "Provolone Cheese"},
 {"ingredient_id": 167, "ingredient_category_id": 5, "name": "Romano Cheese"},
 {"ingredient_id": 168, "ingredient_category_id": 5, "name": "Roquefort Cheese"},
 {"ingredient_id": 169, "ingredient_category_id": 5, "name": "Russian Cheese"},
 {"ingredient_id": 170, "ingredient_category_id": 5, "name": "Sheep Cheese"},
 {"ingredient_id": 171, "ingredient_category_id": 5, "name": "Swiss Cheese"},
 {"ingredient_id": 172, "ingredient_category_id": 5, "name": "Tilsit Cheese"},
 {"ingredient_id": 173, "ingredient_category_id": 5, "name": "Ghee"},
 {"ingredient_id": 174, "ingredient_category_id": 5, "name": "Milk"},
 {"ingredient_id": 175, "ingredient_category_id": 5, "name": "Milk Fat"},
 {"ingredient_id": 176, "ingredient_category_id": 5, "name": "Goat Milk"},
 {"ingredient_id": 177, "ingredient_category_id": 5, "name": "Milk Powder"},
 {"ingredient_id": 178, "ingredient_category_id": 5, "name": "Sheep Milk"},
 {"ingredient_id": 179, "ingredient_category_id": 5, "name": "Skimmed Milk"},
 {"ingredient_id": 180, "ingredient_category_id": 5, "name": "Yogurt"},
 {"ingredient_id": 181, "ingredient_category_id": 5, "name": "Paneer"},
 {"ingredient_id": 182, "ingredient_category_id": 5, "name": "Ricotta Cheese"},
 {"ingredient_id": 183, "ingredient_category_id": 5, "name": "Ymer"},
 {"ingredient_id": 184, "ingredient_category_id": 5, "name": "Cream"},
 {"ingredient_id": 185, "ingredient_category_id": 5, "name": "Whey"},
 {"ingredient_id": 186, "ingredient_category_id": 5, "name": "Milk Human"},
 {"ingredient_id": 187, "ingredient_category_id": 5, "name": "Kefir"},
 {"ingredient_id": 188, "ingredient_category_id": 5, "name": "Dulce de leche"},
 {"ingredient_id": 189, "ingredient_category_id": 5, "name": "Sweet custard"},
 {"ingredient_id": 190, "ingredient_category_id": 5, "name": "Junket"},
 {"ingredient_id": 191, "ingredient_category_id": 5, "name": "Evaporated milk"},
 {"ingredient_id": 192, "ingredient_category_id": 5, "name": "Condensed milk"},
 {"ingredient_id": 193, "ingredient_category_id": 6, "name": "Achilleas"},
 {"ingredient_id": 194, "ingredient_category_id": 6, "name": "Arar"},
 {"ingredient_id": 195, "ingredient_category_id": 6, "name": "Buchu"},
 {"ingredient_id": 196, "ingredient_category_id": 6, "name": "Cajeput"},
 {"ingredient_id": 197, "ingredient_category_id": 6, "name": "Camphor"},
 {"ingredient_id": 198, "ingredient_category_id": 6, "name": "Cascarilla"},
 {"ingredient_id": 199, "ingredient_category_id": 6, "name": "Cedar"},
 {"ingredient_id": 200, "ingredient_category_id": 6, "name": "Chamomile"},
 {"ingredient_id": 201, "ingredient_category_id": 6, "name": "Citronella Oil"},
 {"ingredient_id": 202, "ingredient_category_id": 6, "name": "Citrus Peel Oil"},
 {"ingredient_id": 203, "ingredient_category_id": 6, "name": "Eucalyptus Oil"},
 {"ingredient_id": 204, "ingredient_category_id": 6, "name": "Fir"},
 {"ingredient_id": 205, "ingredient_category_id": 6, "name": "Geranium"},
 {"ingredient_id": 206, "ingredient_category_id": 6, "name": "Grapefruit Peel Oil"},
 {"ingredient_id": 207, "ingredient_category_id": 6, "name": "Grass"},
 {"ingredient_id": 208, "ingredient_category_id": 6, "name": "Hops Oil"},
 {"ingredient_id": 209, "ingredient_category_id": 6, "name": "Hyacinth"},
 {"ingredient_id": 210, "ingredient_category_id": 6, "name": "Hyssop Oil"},
 {"ingredient_id": 211, "ingredient_category_id": 6, "name": "Lemon Grass"},
 {"ingredient_id": 212, "ingredient_category_id": 6, "name": "Lemon Peel Oil"},
 {"ingredient_id": 213, "ingredient_category_id": 6, "name": "Lime Peel Oil"},
 {"ingredient_id": 214, "ingredient_category_id": 6, "name": "Lovage"},
 {"ingredient_id": 215, "ingredient_category_id": 6, "name": "Mandarin Orange Peel Oil"},
 {"ingredient_id": 216, "ingredient_category_id": 6, "name": "Mastic Gum"},
 {"ingredient_id": 217, "ingredient_category_id": 6, "name": "Mentha Oil"},
 {"ingredient_id": 218, "ingredient_category_id": 6, "name": "Myrrh"},
 {"ingredient_id": 219, "ingredient_category_id": 6, "name": "Neroli Oil"},
 {"ingredient_id": 220, "ingredient_category_id": 6, "name": "Orange Oil"},
 {"ingredient_id": 221, "ingredient_category_id": 6, "name": "Orris"},
 {"ingredient_id": 222, "ingredient_category_id": 6, "name": "Clary Sage"},
 {"ingredient_id": 223, "ingredient_category_id": 6, "name": "Red Sage"},
 {"ingredient_id": 224, "ingredient_category_id": 6, "name": "Spanish Sage"},
 {"ingredient_id": 225, "ingredient_category_id": 6, "name": "Sandalwood"},
 {"ingredient_id": 226, "ingredient_category_id": 6, "name": "Sweet Grass"},
 {"ingredient_id": 227, "ingredient_category_id": 6, "name": "Valerian"},
 {"ingredient_id": 228, "ingredient_category_id": 6, "name": "Wattle"},
 {"ingredient_id": 229, "ingredient_category_id": 6, "name": "Yarrow"},
 {"ingredient_id": 230, "ingredient_category_id": 6, "name": "Ylang-Ylang"},
 {"ingredient_id": 231, "ingredient_category_id": 6, "name": "Canola Oil"},
 {"ingredient_id": 232, "ingredient_category_id": 6, "name": "Kenaf"},
 {"ingredient_id": 233, "ingredient_category_id": 6, "name": "Lotus"},
 {"ingredient_id": 234, "ingredient_category_id": 6, "name": "Kewda"},
 {"ingredient_id": 235, "ingredient_category_id": 7, "name": "Bonito"},
 {"ingredient_id": 236, "ingredient_category_id": 7, "name": "Caviar"},
 {"ingredient_id": 237, "ingredient_category_id": 7, "name": "Codfish"},
 {"ingredient_id": 238, "ingredient_category_id": 7, "name": "Fish"},
 {"ingredient_id": 239, "ingredient_category_id": 7, "name": "Fatty Fish"},
 {"ingredient_id": 240, "ingredient_category_id": 7, "name": "Lean Fish"},
 {"ingredient_id": 241, "ingredient_category_id": 7, "name": "Fish Oil"},
 {"ingredient_id": 242, "ingredient_category_id": 7, "name": "Smoked Fish"},
 {"ingredient_id": 243, "ingredient_category_id": 7, "name": "Salmon"},
 {"ingredient_id": 244, "ingredient_category_id": 7, "name": "Atlantic herring"},
 {"ingredient_id": 245, "ingredient_category_id": 7, "name": "Atlantic mackerel"},
 {"ingredient_id": 246, "ingredient_category_id": 7, "name": "Painted comber"},
 {"ingredient_id": 247, "ingredient_category_id": 7, "name": "Atlantic pollock"},
 {"ingredient_id": 248, "ingredient_category_id": 7, "name": "Atlantic wolffish"},
 {"ingredient_id": 249, "ingredient_category_id": 7, "name": "Striped bass"},
 {"ingredient_id": 250, "ingredient_category_id": 7, "name": "Beluga whale"},
 {"ingredient_id": 251, "ingredient_category_id": 7, "name": "Alaska blackfish"},
 {"ingredient_id": 252, "ingredient_category_id": 7, "name": "Northern bluefin tuna"},
 {"ingredient_id": 253, "ingredient_category_id": 7, "name": "Bluefish"},
 {"ingredient_id": 254, "ingredient_category_id": 7, "name": "Bowhead whale"},
 {"ingredient_id": 255, "ingredient_category_id": 7, "name": "Burbot"},
 {"ingredient_id": 256, "ingredient_category_id": 7, "name": "American butterfish"},
 {"ingredient_id": 257, "ingredient_category_id": 7, "name": "Common carp"},
 {"ingredient_id": 258, "ingredient_category_id": 7, "name": "Channel catfish"},
 {"ingredient_id": 259, "ingredient_category_id": 7, "name": "Cisco"},
 {"ingredient_id": 260, "ingredient_category_id": 7, "name": "Nuttall cockle"},
 {"ingredient_id": 261, "ingredient_category_id": 7, "name": "Atlantic croaker"},
 {"ingredient_id": 262, "ingredient_category_id": 7, "name": "Cusk"},
 {"ingredient_id": 263, "ingredient_category_id": 7, "name": "Cuttlefish"},
 {"ingredient_id": 264, "ingredient_category_id": 7, "name": "Devilfish"},
 {"ingredient_id": 265, "ingredient_category_id": 7, "name": "Dolphin fish"},
 {"ingredient_id": 266, "ingredient_category_id": 7, "name": "Freshwater drum"},
 {"ingredient_id": 267, "ingredient_category_id": 7, "name": "Freshwater eel"},
 {"ingredient_id": 268, "ingredient_category_id": 7, "name": "European anchovy"},
 {"ingredient_id": 269, "ingredient_category_id": 7, "name": "Turbot"},
 {"ingredient_id": 270, "ingredient_category_id": 7, "name": "Florida pompano"},
 {"ingredient_id": 271, "ingredient_category_id": 7, "name": "Greenland halibut"},
 {"ingredient_id": 272, "ingredient_category_id": 7, "name": "Grouper"},
 {"ingredient_id": 273, "ingredient_category_id": 7, "name": "Haddock"},
 {"ingredient_id": 274, "ingredient_category_id": 7, "name": "Hippoglossus"},
 {"ingredient_id": 275, "ingredient_category_id": 7, "name": "Pacific jack mackerel"},
 {"ingredient_id": 276, "ingredient_category_id": 7, "name": "King mackerel"},
 {"ingredient_id": 277, "ingredient_category_id": 7, "name": "Common ling"},
 {"ingredient_id": 278, "ingredient_category_id": 7, "name": "Lingcod"},
 {"ingredient_id": 279, "ingredient_category_id": 7, "name": "Milkfish"},
 {"ingredient_id": 280, "ingredient_category_id": 7, "name": "Monkfish"},
 {"ingredient_id": 281, "ingredient_category_id": 7, "name": "Striped mullet"},
 {"ingredient_id": 282, "ingredient_category_id": 7, "name": "Ocean pout"},
 {"ingredient_id": 283, "ingredient_category_id": 7, "name": "Pacific herring"},
 {"ingredient_id": 284, "ingredient_category_id": 7, "name": "Pacific rockfish"},
 {"ingredient_id": 285, "ingredient_category_id": 7, "name": "Northern pike"},
 {"ingredient_id": 286, "ingredient_category_id": 7, "name": "Rainbow smelt"},
 {"ingredient_id": 287, "ingredient_category_id": 7, "name": "Rainbow trout"},
 {"ingredient_id": 288, "ingredient_category_id": 7, "name": "Orange roughy"},
 {"ingredient_id": 289, "ingredient_category_id": 7, "name": "Sablefish"},
 {"ingredient_id": 290, "ingredient_category_id": 7, "name": "Pink salmon"},
 {"ingredient_id": 291, "ingredient_category_id": 7, "name": "Chum salmon"},
 {"ingredient_id": 292, "ingredient_category_id": 7, "name": "Coho salmon"},
 {"ingredient_id": 293, "ingredient_category_id": 7, "name": "Sockeye salmon"},
 {"ingredient_id": 294, "ingredient_category_id": 7, "name": "Chinook salmon"},
 {"ingredient_id": 295, "ingredient_category_id": 7, "name": "Atlantic salmon"},
 {"ingredient_id": 296, "ingredient_category_id": 7, "name": "Spanish mackerel"},
 {"ingredient_id": 297, "ingredient_category_id": 7, "name": "Pacific sardine"},
 {"ingredient_id": 298, "ingredient_category_id": 7, "name": "Scup"},
 {"ingredient_id": 299, "ingredient_category_id": 7, "name": "Sea trout"},
 {"ingredient_id": 300, "ingredient_category_id": 7, "name": "American shad"},
 {"ingredient_id": 301, "ingredient_category_id": 7, "name": "Shark"},
 {"ingredient_id": 302, "ingredient_category_id": 7, "name": "Sheefish"},
 {"ingredient_id": 303, "ingredient_category_id": 7, "name": "Sheepshead"},
 {"ingredient_id": 304, "ingredient_category_id": 7, "name": "Snapper"},
 {"ingredient_id": 305, "ingredient_category_id": 7, "name": "Greater sturgeon"},
 {"ingredient_id": 306, "ingredient_category_id": 7, "name": "White sucker"},
 {"ingredient_id": 307, "ingredient_category_id": 7, "name": "Pumpkinseed sunfish"},
 {"ingredient_id": 308, "ingredient_category_id": 7, "name": "Swordfish"},
 {"ingredient_id": 309, "ingredient_category_id": 7, "name": "Tilefish"},
 {"ingredient_id": 310, "ingredient_category_id": 7, "name": "Salmonidae"},
 {"ingredient_id": 311, "ingredient_category_id": 7, "name": "Walleye"},
 {"ingredient_id": 312, "ingredient_category_id": 7, "name": "Alaska pollock"},
 {"ingredient_id": 313, "ingredient_category_id": 7, "name": "Broad whitefish"},
 {"ingredient_id": 314, "ingredient_category_id": 7, "name": "Whitefish"},
 {"ingredient_id": 315, "ingredient_category_id": 7, "name": "Whiting"},
 {"ingredient_id": 316, "ingredient_category_id": 7, "name": "Yellowfin tuna"},
 {"ingredient_id": 317, "ingredient_category_id": 7, "name": "Yellowtail amberjack"},
 {"ingredient_id": 318, "ingredient_category_id": 7, "name": "Pollock"},
 {"ingredient_id": 319, "ingredient_category_id": 7, "name": "Albacore tuna"},
 {"ingredient_id": 320, "ingredient_category_id": 7, "name": "Atlantic halibut"},
 {"ingredient_id": 321, "ingredient_category_id": 7, "name": "Smelt"},
 {"ingredient_id": 322, "ingredient_category_id": 7, "name": "Clupeinae"},
 {"ingredient_id": 323, "ingredient_category_id": 7, "name": "Percoidei"},
 {"ingredient_id": 324, "ingredient_category_id": 7, "name": "Perciformes"},
 {"ingredient_id": 325, "ingredient_category_id": 7, "name": "Flatfish"},
 {"ingredient_id": 326, "ingredient_category_id": 7, "name": "Spot croaker"},
 {"ingredient_id": 327, "ingredient_category_id": 7, "name": "Atlantic menhaden"},
 {"ingredient_id": 328, "ingredient_category_id": 7, "name": "Anchovy"},
 {"ingredient_id": 329, "ingredient_category_id": 7, "name": "Blue whiting"},
 {"ingredient_id": 330, "ingredient_category_id": 7, "name": "Carp bream"},
 {"ingredient_id": 331, "ingredient_category_id": 7, "name": "Sturgeon"},
 {"ingredient_id": 332, "ingredient_category_id": 7, "name": "Charr"},
 {"ingredient_id": 333, "ingredient_category_id": 7, "name": "Common dab"},
 {"ingredient_id": 334, "ingredient_category_id": 7, "name": "Spiny dogfish"},
 {"ingredient_id": 335, "ingredient_category_id": 7, "name": "Anguilliformes"},
 {"ingredient_id": 336, "ingredient_category_id": 7, "name": "Garfish"},
 {"ingredient_id": 337, "ingredient_category_id": 7, "name": "Gadiformes"},
 {"ingredient_id": 338, "ingredient_category_id": 7, "name": "Lake trout"},
 {"ingredient_id": 339, "ingredient_category_id": 7, "name": "Lemon sole"},
 {"ingredient_id": 340, "ingredient_category_id": 7, "name": "Lumpsucker"},
 {"ingredient_id": 341, "ingredient_category_id": 7, "name": "Scombridae"},
 {"ingredient_id": 342, "ingredient_category_id": 7, "name": "Norway haddock"},
 {"ingredient_id": 343, "ingredient_category_id": 7, "name": "Norway pout"},
 {"ingredient_id": 344, "ingredient_category_id": 7, "name": "Pikeperch"},
 {"ingredient_id": 345, "ingredient_category_id": 7, "name": "Pleuronectidae"},
 {"ingredient_id": 346, "ingredient_category_id": 7, "name": "Pacific ocean perch"},
 {"ingredient_id": 347, "ingredient_category_id": 7, "name": "True sole"},
 {"ingredient_id": 348, "ingredient_category_id": 7, "name": "Catfish"},
 {"ingredient_id": 349, "ingredient_category_id": 7, "name": "Common Tuna"},
 {"ingredient_id": 350, "ingredient_category_id": 7, "name": "Cetacea"},
 {"ingredient_id": 351, "ingredient_category_id": 7, "name": "Conch"},
 {"ingredient_id": 352, "ingredient_category_id": 7, "name": "Roe"},
 {"ingredient_id": 353, "ingredient_category_id": 7, "name": "Cichlidae"},
 {"ingredient_id": 354, "ingredient_category_id": 8, "name": "Artichoke"},
 {"ingredient_id": 355, "ingredient_category_id": 8, "name": "Champaca"},
 {"ingredient_id": 356, "ingredient_category_id": 8, "name": "Jasmine"},
 {"ingredient_id": 357, "ingredient_category_id": 8, "name": "Lavendar"},
 {"ingredient_id": 358, "ingredient_category_id": 8, "name": "Rose"},
 {"ingredient_id": 359, "ingredient_category_id": 8, "name": "Sunflower"},
 {"ingredient_id": 360, "ingredient_category_id": 8, "name": "Dandelion"},
 {"ingredient_id": 361, "ingredient_category_id": 8, "name": "Garland chrysanthemum"},
 {"ingredient_id": 362, "ingredient_category_id": 8, "name": "Sesbania flower"},
 {"ingredient_id": 363, "ingredient_category_id": 9, "name": "Sea Buckthorns"},
 {"ingredient_id": 364, "ingredient_category_id": 9, "name": "Apple"},
 {"ingredient_id": 365, "ingredient_category_id": 9, "name": "Apple Sauce"},
 {"ingredient_id": 366, "ingredient_category_id": 9, "name": "Apricot"},
 {"ingredient_id": 367, "ingredient_category_id": 9, "name": "Avocado"},
 {"ingredient_id": 368, "ingredient_category_id": 9, "name": "Babaco"},
 {"ingredient_id": 369, "ingredient_category_id": 9, "name": "Banana"},
 {"ingredient_id": 370, "ingredient_category_id": 9, "name": "Beli"},
 {"ingredient_id": 371, "ingredient_category_id": 9, "name": "Byrsonima crassifolia"},
 {"ingredient_id": 372, "ingredient_category_id": 9, "name": "Cashew Apple"},
 {"ingredient_id": 373, "ingredient_category_id": 9, "name": "Cherimoya"},
 {"ingredient_id": 374, "ingredient_category_id": 9, "name": "Coconut"},
 {"ingredient_id": 375, "ingredient_category_id": 9, "name": "Currant"},
 {"ingredient_id": 376, "ingredient_category_id": 9, "name": "Black Currant"},
 {"ingredient_id": 377, "ingredient_category_id": 9, "name": "Red Currant"},
 {"ingredient_id": 378, "ingredient_category_id": 9, "name": "White Currant"},
 {"ingredient_id": 379, "ingredient_category_id": 9, "name": "Dates"},
 {"ingredient_id": 380, "ingredient_category_id": 9, "name": "Durian"},
 {"ingredient_id": 381, "ingredient_category_id": 9, "name": "Elderberry"},
 {"ingredient_id": 382, "ingredient_category_id": 9, "name": "Feijoa"},
 {"ingredient_id": 383, "ingredient_category_id": 9, "name": "Fig"},
 {"ingredient_id": 384, "ingredient_category_id": 9, "name": "Grape"},
 {"ingredient_id": 385, "ingredient_category_id": 9, "name": "Guava"},
 {"ingredient_id": 386, "ingredient_category_id": 9, "name": "Hogplum"},
 {"ingredient_id": 387, "ingredient_category_id": 9, "name": "Jackfruit"},
 {"ingredient_id": 388, "ingredient_category_id": 9, "name": "Kiwifruit"},
 {"ingredient_id": 389, "ingredient_category_id": 9, "name": "Litchi"},
 {"ingredient_id": 390, "ingredient_category_id": 9, "name": "Loquat"},
 {"ingredient_id": 391, "ingredient_category_id": 9, "name": "Malay Apple"},
 {"ingredient_id": 392, "ingredient_category_id": 9, "name": "Mango"},
 {"ingredient_id": 393, "ingredient_category_id": 9, "name": "Melon"},
 {"ingredient_id": 394, "ingredient_category_id": 9, "name": "Musk Melon"},
 {"ingredient_id": 395, "ingredient_category_id": 9, "name": "Naranjilla"},
 {"ingredient_id": 396, "ingredient_category_id": 9, "name": "Orange"},
 {"ingredient_id": 397, "ingredient_category_id": 9, "name": "Bitter Orange"},
 {"ingredient_id": 398, "ingredient_category_id": 9, "name": "Papaya"},
 {"ingredient_id": 399, "ingredient_category_id": 9, "name": "Mountain Papaya"},
 {"ingredient_id": 400, "ingredient_category_id": 9, "name": "Passionfruit"},
 {"ingredient_id": 401, "ingredient_category_id": 9, "name": "Yellow Passionfruit"},
 {"ingredient_id": 402, "ingredient_category_id": 9, "name": "Pawpaw"},
 {"ingredient_id": 403, "ingredient_category_id": 9, "name": "Peach"},
 {"ingredient_id": 404, "ingredient_category_id": 9, "name": "Pear"},
 {"ingredient_id": 405, "ingredient_category_id": 9, "name": "Bartlett Pear"},
 {"ingredient_id": 406, "ingredient_category_id": 9, "name": "Prickly Pear"},
 {"ingredient_id": 407, "ingredient_category_id": 9, "name": "Pepino"},
 {"ingredient_id": 408, "ingredient_category_id": 9, "name": "Pineapple"},
 {"ingredient_id": 409, "ingredient_category_id": 9, "name": "Plum"},
 {"ingredient_id": 410, "ingredient_category_id": 9, "name": "Plumcot"},
 {"ingredient_id": 411, "ingredient_category_id": 9, "name": "Pumpkin"},
 {"ingredient_id": 412, "ingredient_category_id": 9, "name": "Quince"},
 {"ingredient_id": 413, "ingredient_category_id": 9, "name": "Chinese Quince"},
 {"ingredient_id": 414, "ingredient_category_id": 9, "name": "Raisin"},
 {"ingredient_id": 415, "ingredient_category_id": 9, "name": "Roseapple"},
 {"ingredient_id": 416, "ingredient_category_id": 9, "name": "Sapodilla"},
 {"ingredient_id": 417, "ingredient_category_id": 9, "name": "Soursop"},
 {"ingredient_id": 418, "ingredient_category_id": 9, "name": "Spineless Monkey Orange"},
 {"ingredient_id": 419, "ingredient_category_id": 9, "name": "Starfruit"},
 {"ingredient_id": 420, "ingredient_category_id": 9, "name": "Tamarind"},
 {"ingredient_id": 421, "ingredient_category_id": 9, "name": "Woodapple"},
 {"ingredient_id": 422, "ingredient_category_id": 9, "name": "Bilberry"},
 {"ingredient_id": 423, "ingredient_category_id": 9, "name": "Blackberry"},
 {"ingredient_id": 424, "ingredient_category_id": 9, "name": "Blueberry"},
 {"ingredient_id": 425, "ingredient_category_id": 9, "name": "Cherry"},
 {"ingredient_id": 426, "ingredient_category_id": 9, "name": "Bitter Cherry"},
 {"ingredient_id": 427, "ingredient_category_id": 9, "name": "Sour Cherry"},
 {"ingredient_id": 428, "ingredient_category_id": 9, "name": "Sweet Cherry"},
 {"ingredient_id": 429, "ingredient_category_id": 9, "name": "Cloudberry"},
 {"ingredient_id": 430, "ingredient_category_id": 9, "name": "Cranberry"},
 {"ingredient_id": 431, "ingredient_category_id": 9, "name": "Gooseberry"},
 {"ingredient_id": 432, "ingredient_category_id": 9, "name": "Lingonberry"},
 {"ingredient_id": 433, "ingredient_category_id": 9, "name": "Loganberry"},
 {"ingredient_id": 434, "ingredient_category_id": 9, "name": "Raspberry"},
 {"ingredient_id": 435, "ingredient_category_id": 9, "name": "Strawberry"},
 {"ingredient_id": 436, "ingredient_category_id": 9, "name": "Strawberry Jam"},
 {"ingredient_id": 437, "ingredient_category_id": 9, "name": "Bergamot"},
 {"ingredient_id": 438, "ingredient_category_id": 9, "name": "Citrus Fruits"},
 {"ingredient_id": 439, "ingredient_category_id": 9, "name": "Grapefruit"},
 {"ingredient_id": 440, "ingredient_category_id": 9, "name": "Kumquat"},
 {"ingredient_id": 441, "ingredient_category_id": 9, "name": "Lemon"},
 {"ingredient_id": 442, "ingredient_category_id": 9, "name": "Lime"},
 {"ingredient_id": 443, "ingredient_category_id": 9, "name": "Mandarin Orange"},
 {"ingredient_id": 444, "ingredient_category_id": 9, "name": "Satsuma Orange"},
 {"ingredient_id": 445, "ingredient_category_id": 9, "name": "Tangerine"},
 {"ingredient_id": 446, "ingredient_category_id": 9, "name": "Vanilla"},
 {"ingredient_id": 447, "ingredient_category_id": 9, "name": "Pomegranate"},
 {"ingredient_id": 448, "ingredient_category_id": 9, "name": "Water Chestnut"},
 {"ingredient_id": 449, "ingredient_category_id": 9, "name": "Garcinia Indica"},
 {"ingredient_id": 450, "ingredient_category_id": 9, "name": "Pummelo"},
 {"ingredient_id": 451, "ingredient_category_id": 9, "name": "Japanese persimmon"},
 {"ingredient_id": 452, "ingredient_category_id": 9, "name": "Black crowberry"},
 {"ingredient_id": 453, "ingredient_category_id": 9, "name": "Black huckleberry"},
 {"ingredient_id": 454, "ingredient_category_id": 9, "name": "Medlar"},
 {"ingredient_id": 455, "ingredient_category_id": 9, "name": "Mulberry"},
 {"ingredient_id": 456, "ingredient_category_id": 9, "name": "Black mulberry"},
 {"ingredient_id": 457, "ingredient_category_id": 9, "name": "Red raspberry"},
 {"ingredient_id": 458, "ingredient_category_id": 9, "name": "Black raspberry"},
 {"ingredient_id": 459, "ingredient_category_id": 9, "name": "Cherry tomato"},
 {"ingredient_id": 460, "ingredient_category_id": 9, "name": "Rowanberry"},
 {"ingredient_id": 461, "ingredient_category_id": 9, "name": "Sparkleberry"},
 {"ingredient_id": 462, "ingredient_category_id": 9, "name": "Muscadine grape"},
 {"ingredient_id": 463, "ingredient_category_id": 9, "name": "Bayberry"},
 {"ingredient_id": 464, "ingredient_category_id": 9, "name": "Elliott's blueberry"},
 {"ingredient_id": 465, "ingredient_category_id": 9, "name": "Canada blueberry"},
 {"ingredient_id": 466, "ingredient_category_id": 9, "name": "Buffalo currant"},
 {"ingredient_id": 467, "ingredient_category_id": 9, "name": "Deerberry"},
 {"ingredient_id": 468, "ingredient_category_id": 9, "name": "Rambutan"},
 {"ingredient_id": 469, "ingredient_category_id": 9, "name": "Jostaberry"},
 {"ingredient_id": 470, "ingredient_category_id": 9, "name": "Skunk currant"},
 {"ingredient_id": 471, "ingredient_category_id": 9, "name": "Acerola"},
 {"ingredient_id": 472, "ingredient_category_id": 9, "name": "Winter squash"},
 {"ingredient_id": 473, "ingredient_category_id": 9, "name": "Breadfruit"},
 {"ingredient_id": 474, "ingredient_category_id": 9, "name": "Butternut squash"},
 {"ingredient_id": 475, "ingredient_category_id": 9, "name": "Natal plum"},
 {"ingredient_id": 476, "ingredient_category_id": 9, "name": "Squashberry"},
 {"ingredient_id": 477, "ingredient_category_id": 9, "name": "Groundcherry"},
 {"ingredient_id": 478, "ingredient_category_id": 9, "name": "Jujube"},
 {"ingredient_id": 479, "ingredient_category_id": 9, "name": "Mammee apple"},
 {"ingredient_id": 480, "ingredient_category_id": 9, "name": "Purple mangosteen"},
 {"ingredient_id": 481, "ingredient_category_id": 9, "name": "Ohelo berry"},
 {"ingredient_id": 482, "ingredient_category_id": 9, "name": "Common persimmon"},
 {"ingredient_id": 483, "ingredient_category_id": 9, "name": "Pitanga"},
 {"ingredient_id": 484, "ingredient_category_id": 9, "name": "Malabar plum"},
 {"ingredient_id": 485, "ingredient_category_id": 9, "name": "Rose hip"},
 {"ingredient_id": 486, "ingredient_category_id": 9, "name": "Salmonberry"},
 {"ingredient_id": 487, "ingredient_category_id": 9, "name": "Mexican groundcherry"},
 {"ingredient_id": 488, "ingredient_category_id": 9, "name": "Boysenberry"},
 {"ingredient_id": 489, "ingredient_category_id": 9, "name": "Persimmon"},
 {"ingredient_id": 490, "ingredient_category_id": 9, "name": "Horned melon"},
 {"ingredient_id": 491, "ingredient_category_id": 9, "name": "Nance"},
 {"ingredient_id": 492, "ingredient_category_id": 9, "name": "Chinese bayberry"},
 {"ingredient_id": 493, "ingredient_category_id": 9, "name": "Saskatoon berry"},
 {"ingredient_id": 494, "ingredient_category_id": 9, "name": "Nanking cherry"},
 {"ingredient_id": 495, "ingredient_category_id": 9, "name": "Japanese pumpkin"},
 {"ingredient_id": 496, "ingredient_category_id": 9, "name": "Anise Oil"},
 {"ingredient_id": 497, "ingredient_category_id": 9, "name": "Apple Juice"},
 {"ingredient_id": 498, "ingredient_category_id": 9, "name": "Coconut Oil"},
 {"ingredient_id": 499, "ingredient_category_id": 10, "name": "Mushroom"},
 {"ingredient_id": 500, "ingredient_category_id": 10, "name": "Truffle"},
 {"ingredient_id": 501, "ingredient_category_id": 10, "name": "Abalone"},
 {"ingredient_id": 502, "ingredient_category_id": 10, "name": "Jew's ear"},
 {"ingredient_id": 503, "ingredient_category_id": 10, "name": "Shiitake"},
 {"ingredient_id": 504, "ingredient_category_id": 10, "name": "Enokitake"},
 {"ingredient_id": 505, "ingredient_category_id": 10, "name": "Oyster mushroom"},
 {"ingredient_id": 506, "ingredient_category_id": 10, "name": "Cloud ear fungus"},
 {"ingredient_id": 507, "ingredient_category_id": 10, "name": "Maitake"},
 {"ingredient_id": 508, "ingredient_category_id": 10, "name": "Chanterelle"},
 {"ingredient_id": 509, "ingredient_category_id": 10, "name": "Morchella"},
 {"ingredient_id": 510, "ingredient_category_id": 10, "name": "Yeast"},
 {"ingredient_id": 511, "ingredient_category_id": 11, "name": "Angelica"},
 {"ingredient_id": 512, "ingredient_category_id": 11, "name": "Artemisia"},
 {"ingredient_id": 513, "ingredient_category_id": 11, "name": "Basil"},
 {"ingredient_id": 514, "ingredient_category_id": 11, "name": "Buckwheat"},
 {"ingredient_id": 515, "ingredient_category_id": 11, "name": "Calamus"},
 {"ingredient_id": 516, "ingredient_category_id": 11, "name": "Chervil"},
 {"ingredient_id": 517, "ingredient_category_id": 11, "name": "Coriander"},
 {"ingredient_id": 518, "ingredient_category_id": 11, "name": "Cornmint"},
 {"ingredient_id": 519, "ingredient_category_id": 11, "name": "Dill"},
 {"ingredient_id": 520, "ingredient_category_id": 11, "name": "Fennel"},
 {"ingredient_id": 521, "ingredient_category_id": 11, "name": "Fenugreek"},
 {"ingredient_id": 522, "ingredient_category_id": 11, "name": "Garlic"},
 {"ingredient_id": 523, "ingredient_category_id": 11, "name": "Lemon Balm"},
 {"ingredient_id": 524, "ingredient_category_id": 11, "name": "Liqourice"},
 {"ingredient_id": 525, "ingredient_category_id": 11, "name": "Mint"},
 {"ingredient_id": 526, "ingredient_category_id": 11, "name": "Rhubarb"},
 {"ingredient_id": 527, "ingredient_category_id": 11, "name": "Rosemary"},
 {"ingredient_id": 528, "ingredient_category_id": 11, "name": "Sage"},
 {"ingredient_id": 529, "ingredient_category_id": 11, "name": "Spearmint"},
 {"ingredient_id": 530, "ingredient_category_id": 11, "name": "Scotch Spearmint"},
 {"ingredient_id": 531, "ingredient_category_id": 11, "name": "Tarragon"},
 {"ingredient_id": 532, "ingredient_category_id": 11, "name": "Thyme"},
 {"ingredient_id": 533, "ingredient_category_id": 11, "name": "Peppermint"},
 {"ingredient_id": 534, "ingredient_category_id": 11, "name": "Curry Leaf"},
 {"ingredient_id": 535, "ingredient_category_id": 11, "name": "Silver linden"},
 {"ingredient_id": 536, "ingredient_category_id": 11, "name": "Lemon verbena"},
 {"ingredient_id": 537, "ingredient_category_id": 11, "name": "Borage"},
 {"ingredient_id": 538, "ingredient_category_id": 11, "name": "Capers"},
 {"ingredient_id": 539, "ingredient_category_id": 11, "name": "Safflower"},
 {"ingredient_id": 540, "ingredient_category_id": 11, "name": "Rocket salad"},
 {"ingredient_id": 541, "ingredient_category_id": 11, "name": "Garden cress"},
 {"ingredient_id": 542, "ingredient_category_id": 11, "name": "Mexican oregano"},
 {"ingredient_id": 543, "ingredient_category_id": 11, "name": "Evening primrose"},
 {"ingredient_id": 544, "ingredient_category_id": 11, "name": "Sorrel"},
 {"ingredient_id": 545, "ingredient_category_id": 11, "name": "Summer savory"},
 {"ingredient_id": 546, "ingredient_category_id": 11, "name": "Winter savory"},
 {"ingredient_id": 547, "ingredient_category_id": 11, "name": "Linden"},
 {"ingredient_id": 548, "ingredient_category_id": 11, "name": "Common verbena"},
 {"ingredient_id": 549, "ingredient_category_id": 11, "name": "Pineappple sage"},
 {"ingredient_id": 550, "ingredient_category_id": 11, "name": "Alfalfa"},
 {"ingredient_id": 551, "ingredient_category_id": 11, "name": "Amaranth"},
 {"ingredient_id": 552, "ingredient_category_id": 11, "name": "Chia"},
 {"ingredient_id": 553, "ingredient_category_id": 11, "name": "Dock"},
 {"ingredient_id": 554, "ingredient_category_id": 11, "name": "Fireweed"},
 {"ingredient_id": 555, "ingredient_category_id": 11, "name": "American pokeweed"},
 {"ingredient_id": 556, "ingredient_category_id": 11, "name": "Roselle"},
 {"ingredient_id": 557, "ingredient_category_id": 11, "name": "Teff"},
 {"ingredient_id": 558, "ingredient_category_id": 11, "name": "Tea leaf willow"},
 {"ingredient_id": 559, "ingredient_category_id": 11, "name": "Epazote"},
 {"ingredient_id": 560, "ingredient_category_id": 11, "name": "Sourdock"},
 {"ingredient_id": 561, "ingredient_category_id": 11, "name": "Narrowleaf cattail"},
 {"ingredient_id": 562, "ingredient_category_id": 12, "name": "Beans"},
 {"ingredient_id": 563, "ingredient_category_id": 12, "name": "Lima Beans"},
 {"ingredient_id": 564, "ingredient_category_id": 12, "name": "Kidney Beans"},
 {"ingredient_id": 565, "ingredient_category_id": 12, "name": "Peas"},
 {"ingredient_id": 566, "ingredient_category_id": 12, "name": "Soybean"},
 {"ingredient_id": 567, "ingredient_category_id": 12, "name": "Soybean Oil"},
 {"ingredient_id": 568, "ingredient_category_id": 12, "name": "Cluster Bean"},
 {"ingredient_id": 569, "ingredient_category_id": 12, "name": "Pigeon Pea"},
 {"ingredient_id": 570, "ingredient_category_id": 12, "name": "Chickpea"},
 {"ingredient_id": 571, "ingredient_category_id": 12, "name": "Grass pea"},
 {"ingredient_id": 572, "ingredient_category_id": 12, "name": "Lentils"},
 {"ingredient_id": 573, "ingredient_category_id": 12, "name": "Millet"},
 {"ingredient_id": 574, "ingredient_category_id": 12, "name": "Scarlet bean"},
 {"ingredient_id": 575, "ingredient_category_id": 12, "name": "Adzuki bean"},
 {"ingredient_id": 576, "ingredient_category_id": 12, "name": "Gram bean"},
 {"ingredient_id": 577, "ingredient_category_id": 12, "name": "Mung bean"},
 {"ingredient_id": 578, "ingredient_category_id": 12, "name": "Climbing bean"},
 {"ingredient_id": 579, "ingredient_category_id": 12, "name": "Catjang pea"},
 {"ingredient_id": 580, "ingredient_category_id": 12, "name": "Hyacinth bean"},
 {"ingredient_id": 581, "ingredient_category_id": 12, "name": "Moth bean"},
 {"ingredient_id": 582, "ingredient_category_id": 12, "name": "Winged bean"},
 {"ingredient_id": 583, "ingredient_category_id": 12, "name": "Black-eyed pea"},
 {"ingredient_id": 584, "ingredient_category_id": 12, "name": "Yardlong bean"},
 {"ingredient_id": 585, "ingredient_category_id": 13, "name": "Corn"},
 {"ingredient_id": 586, "ingredient_category_id": 13, "name": "Corn Oil"},
 {"ingredient_id": 587, "ingredient_category_id": 13, "name": "Popcorn"},
 {"ingredient_id": 588, "ingredient_category_id": 13, "name": "Sweetcorn"},
 {"ingredient_id": 589, "ingredient_category_id": 13, "name": "Cornbread"},
 {"ingredient_id": 590, "ingredient_category_id": 13, "name": "Corn grits"},
 {"ingredient_id": 591, "ingredient_category_id": 14, "name": "Egg"},
 {"ingredient_id": 592, "ingredient_category_id": 14, "name": "Beef"},
 {"ingredient_id": 593, "ingredient_category_id": 14, "name": "Beef Processed"},
 {"ingredient_id": 594, "ingredient_category_id": 14, "name": "Chicken"},
 {"ingredient_id": 595, "ingredient_category_id": 14, "name": "Ham"},
 {"ingredient_id": 596, "ingredient_category_id": 14, "name": "Lamb"},
 {"ingredient_id": 597, "ingredient_category_id": 14, "name": "Meat"},
 {"ingredient_id": 598, "ingredient_category_id": 14, "name": "Mutton"},
 {"ingredient_id": 599, "ingredient_category_id": 14, "name": "Pork"},
 {"ingredient_id": 600, "ingredient_category_id": 14, "name": "Sukiyaki"},
 {"ingredient_id": 601, "ingredient_category_id": 14, "name": "Turkey"},
 {"ingredient_id": 602, "ingredient_category_id": 14, "name": "Beaver"},
 {"ingredient_id": 603, "ingredient_category_id": 14, "name": "Bison"},
 {"ingredient_id": 604, "ingredient_category_id": 14, "name": "Black bear"},
 {"ingredient_id": 605, "ingredient_category_id": 14, "name": "Wild boar"},
 {"ingredient_id": 606, "ingredient_category_id": 14, "name": "Brown bear"},
 {"ingredient_id": 607, "ingredient_category_id": 14, "name": "Buffalo"},
 {"ingredient_id": 608, "ingredient_category_id": 14, "name": "Caribou"},
 {"ingredient_id": 609, "ingredient_category_id": 14, "name": "Mule deer"},
 {"ingredient_id": 610, "ingredient_category_id": 14, "name": "Wild duck"},
 {"ingredient_id": 611, "ingredient_category_id": 14, "name": "Elk"},
 {"ingredient_id": 612, "ingredient_category_id": 14, "name": "Emu"},
 {"ingredient_id": 613, "ingredient_category_id": 14, "name": "Greylag goose"},
 {"ingredient_id": 614, "ingredient_category_id": 14, "name": "Horse"},
 {"ingredient_id": 615, "ingredient_category_id": 14, "name": "Moose"},
 {"ingredient_id": 616, "ingredient_category_id": 14, "name": "Muskrat"},
 {"ingredient_id": 617, "ingredient_category_id": 14, "name": "Opossum"},
 {"ingredient_id": 618, "ingredient_category_id": 14, "name": "Ostrich"},
 {"ingredient_id": 619, "ingredient_category_id": 14, "name": "Pheasant"},
 {"ingredient_id": 620, "ingredient_category_id": 14, "name": "Polar bear"},
 {"ingredient_id": 621, "ingredient_category_id": 14, "name": "European rabbit"},
 {"ingredient_id": 622, "ingredient_category_id": 14, "name": "Raccoon"},
 {"ingredient_id": 623, "ingredient_category_id": 14, "name": "Squab"},
 {"ingredient_id": 624, "ingredient_category_id": 14, "name": "Squirrel"},
 {"ingredient_id": 625, "ingredient_category_id": 14, "name": "Deer"},
 {"ingredient_id": 626, "ingredient_category_id": 14, "name": "Rabbit"},
 {"ingredient_id": 627, "ingredient_category_id": 14, "name": "Beefalo"},
 {"ingredient_id": 628, "ingredient_category_id": 14, "name": "Great horned owl"},
 {"ingredient_id": 629, "ingredient_category_id": 14, "name": "Quail"},
 {"ingredient_id": 630, "ingredient_category_id": 14, "name": "Anatidae"},
 {"ingredient_id": 631, "ingredient_category_id": 14, "name": "True frog"},
 {"ingredient_id": 632, "ingredient_category_id": 14, "name": "Mountain hare"},
 {"ingredient_id": 633, "ingredient_category_id": 14, "name": "Rock ptarmigan"},
 {"ingredient_id": 634, "ingredient_category_id": 14, "name": "Snail"},
 {"ingredient_id": 635, "ingredient_category_id": 14, "name": "Columbidae"},
 {"ingredient_id": 636, "ingredient_category_id": 14, "name": "Green turtle"},
 {"ingredient_id": 637, "ingredient_category_id": 14, "name": "Guinea hen"},
 {"ingredient_id": 638, "ingredient_category_id": 14, "name": "Lard"},
 {"ingredient_id": 639, "ingredient_category_id": 14, "name": "Cured Ham"},
 {"ingredient_id": 640, "ingredient_category_id": 15, "name": "Almond"},
 {"ingredient_id": 641, "ingredient_category_id": 15, "name": "Brazil Nut"},
 {"ingredient_id": 642, "ingredient_category_id": 15, "name": "Cocoa"},
 {"ingredient_id": 643, "ingredient_category_id": 15, "name": "Peanut"},
 {"ingredient_id": 644, "ingredient_category_id": 15, "name": "Filbert"},
 {"ingredient_id": 645, "ingredient_category_id": 15, "name": "Hazelnut"},
 {"ingredient_id": 646, "ingredient_category_id": 15, "name": "Macadamia Nut"},
 {"ingredient_id": 647, "ingredient_category_id": 15, "name": "Pecans"},
 {"ingredient_id": 648, "ingredient_category_id": 15, "name": "Walnut"},
 {"ingredient_id": 649, "ingredient_category_id": 15, "name": "Muskmallow"},
 {"ingredient_id": 650, "ingredient_category_id": 15, "name": "Sesame"},
 {"ingredient_id": 651, "ingredient_category_id": 15, "name": "Flaxseed"},
 {"ingredient_id": 652, "ingredient_category_id": 15, "name": "Nigella Seed"},
 {"ingredient_id": 653, "ingredient_category_id": 15, "name": "Cashew nut"},
 {"ingredient_id": 654, "ingredient_category_id": 15, "name": "Chestnut"},
 {"ingredient_id": 655, "ingredient_category_id": 15, "name": "Pistachio"},
 {"ingredient_id": 656, "ingredient_category_id": 15, "name": "Acorn"},
 {"ingredient_id": 657, "ingredient_category_id": 15, "name": "Beech nut"},
 {"ingredient_id": 658, "ingredient_category_id": 15, "name": "Butternut"},
 {"ingredient_id": 659, "ingredient_category_id": 15, "name": "Chinese chestnut"},
 {"ingredient_id": 660, "ingredient_category_id": 15, "name": "European chestnut"},
 {"ingredient_id": 661, "ingredient_category_id": 15, "name": "Ginkgo nuts"},
 {"ingredient_id": 662, "ingredient_category_id": 15, "name": "Japanese chestnut"},
 {"ingredient_id": 663, "ingredient_category_id": 15, "name": "Pili nut"},
 {"ingredient_id": 664, "ingredient_category_id": 15, "name": "Mixed nuts"},
 {"ingredient_id": 665, "ingredient_category_id": 16, "name": "Soy Sauce"},
 {"ingredient_id": 666, "ingredient_category_id": 16, "name": "Allium"},
 {"ingredient_id": 667, "ingredient_category_id": 16, "name": "Alpinia"},
 {"ingredient_id": 668, "ingredient_category_id": 16, "name": "Ceriman"},
 {"ingredient_id": 669, "ingredient_category_id": 16, "name": "Chicory"},
 {"ingredient_id": 670, "ingredient_category_id": 16, "name": "Hops"},
 {"ingredient_id": 671, "ingredient_category_id": 16, "name": "Laurel"},
 {"ingredient_id": 672, "ingredient_category_id": 16, "name": "Myrtle"},
 {"ingredient_id": 673, "ingredient_category_id": 16, "name": "Olive"},
 {"ingredient_id": 674, "ingredient_category_id": 16, "name": "Pine"},
 {"ingredient_id": 675, "ingredient_category_id": 16, "name": "Sassafras"},
 {"ingredient_id": 676, "ingredient_category_id": 16, "name": "Tea"},
 {"ingredient_id": 677, "ingredient_category_id": 16, "name": "Fermented Tea"},
 {"ingredient_id": 678, "ingredient_category_id": 16, "name": "Tobacco"},
 {"ingredient_id": 679, "ingredient_category_id": 16, "name": "Watercress"},
 {"ingredient_id": 680, "ingredient_category_id": 16, "name": "Creosote"},
 {"ingredient_id": 681, "ingredient_category_id": 16, "name": "Honey"},
 {"ingredient_id": 682, "ingredient_category_id": 16, "name": "Macaroni"},
 {"ingredient_id": 683, "ingredient_category_id": 16, "name": "Mustard Oil"},
 {"ingredient_id": 684, "ingredient_category_id": 16, "name": "Peanut Butter"},
 {"ingredient_id": 685, "ingredient_category_id": 16, "name": "Peanut Oil"},
 {"ingredient_id": 686, "ingredient_category_id": 16, "name": "Storax"},
 {"ingredient_id": 687, "ingredient_category_id": 16, "name": "Vinegar"},
 {"ingredient_id": 688, "ingredient_category_id": 16, "name": "Apple Cider Vinegar"},
 {"ingredient_id": 689, "ingredient_category_id": 16, "name": "Lupine"},
 {"ingredient_id": 690, "ingredient_category_id": 16, "name": "Purslane"},
 {"ingredient_id": 691, "ingredient_category_id": 16, "name": "Small leaf linden"},
 {"ingredient_id": 692, "ingredient_category_id": 16, "name": "Longan"},
 {"ingredient_id": 693, "ingredient_category_id": 16, "name": "Abiyuch"},
 {"ingredient_id": 694, "ingredient_category_id": 16, "name": "Bamboo shoots"},
 {"ingredient_id": 695, "ingredient_category_id": 16, "name": "Giant butterbur"},
 {"ingredient_id": 696, "ingredient_category_id": 16, "name": "Cardoon"},
 {"ingredient_id": 697, "ingredient_category_id": 16, "name": "Carob"},
 {"ingredient_id": 698, "ingredient_category_id": 16, "name": "Cottonseed"},
 {"ingredient_id": 699, "ingredient_category_id": 16, "name": "Oregon yampah"},
 {"ingredient_id": 700, "ingredient_category_id": 16, "name": "Jute"},
 {"ingredient_id": 701, "ingredient_category_id": 16, "name": "Lambsquarters"},
 {"ingredient_id": 702, "ingredient_category_id": 16, "name": "White lupine"},
 {"ingredient_id": 703, "ingredient_category_id": 16, "name": "Alpine sweetvetch"},
 {"ingredient_id": 704, "ingredient_category_id": 16, "name": "Nopal"},
 {"ingredient_id": 705, "ingredient_category_id": 16, "name": "Colorado pinyon"},
 {"ingredient_id": 706, "ingredient_category_id": 16, "name": "French plantain"},
 {"ingredient_id": 707, "ingredient_category_id": 16, "name": "Common salsify"},
 {"ingredient_id": 708, "ingredient_category_id": 16, "name": "Yautia"},
 {"ingredient_id": 709, "ingredient_category_id": 16, "name": "Alaska wild rhubarb"},
 {"ingredient_id": 710, "ingredient_category_id": 16, "name": "Rowal"},
 {"ingredient_id": 711, "ingredient_category_id": 16, "name": "Ostrich fern"},
 {"ingredient_id": 712, "ingredient_category_id": 16, "name": "Agave"},
 {"ingredient_id": 713, "ingredient_category_id": 16, "name": "Oil palm"},
 {"ingredient_id": 714, "ingredient_category_id": 16, "name": "Sago palm"},
 {"ingredient_id": 715, "ingredient_category_id": 16, "name": "Black salsify"},
 {"ingredient_id": 716, "ingredient_category_id": 16, "name": "Thistle"},
 {"ingredient_id": 717, "ingredient_category_id": 16, "name": "Chocolate spread"},
 {"ingredient_id": 718, "ingredient_category_id": 16, "name": "Cocoa butter"},
 {"ingredient_id": 719, "ingredient_category_id": 16, "name": "Cocoa powder"},
 {"ingredient_id": 720, "ingredient_category_id": 16, "name": "Chocolate"},
 {"ingredient_id": 721, "ingredient_category_id": 16, "name": "Tofu"},
 {"ingredient_id": 722, "ingredient_category_id": 16, "name": "Soy yogurt"},
 {"ingredient_id": 723, "ingredient_category_id": 16, "name": "Babassu palm"},
 {"ingredient_id": 724, "ingredient_category_id": 16, "name": "Shea tree"},
 {"ingredient_id": 725, "ingredient_category_id": 16, "name": "Oil-seed Camellia"},
 {"ingredient_id": 726, "ingredient_category_id": 16, "name": "Ucuhuba"},
 {"ingredient_id": 727, "ingredient_category_id": 16, "name": "Tree fern"},
 {"ingredient_id": 728, "ingredient_category_id": 16, "name": "Yellow pond lily"},
 {"ingredient_id": 729, "ingredient_category_id": 17, "name": "Clam"},
 {"ingredient_id": 730, "ingredient_category_id": 17, "name": "Crab"},
 {"ingredient_id": 731, "ingredient_category_id": 17, "name": "Crayfish"},
 {"ingredient_id": 732, "ingredient_category_id": 17, "name": "Kelp"},
 {"ingredient_id": 733, "ingredient_category_id": 17, "name": "Krill"},
 {"ingredient_id": 734, "ingredient_category_id": 17, "name": "Lobster"},
 {"ingredient_id": 735, "ingredient_category_id": 17, "name": "Mollusc"},
 {"ingredient_id": 736, "ingredient_category_id": 17, "name": "Oyster"},
 {"ingredient_id": 737, "ingredient_category_id": 17, "name": "Prawn"},
 {"ingredient_id": 738, "ingredient_category_id": 17, "name": "Scallop"},
 {"ingredient_id": 739, "ingredient_category_id": 17, "name": "Shellfish"},
 {"ingredient_id": 740, "ingredient_category_id": 17, "name": "Shrimp"},
 {"ingredient_id": 741, "ingredient_category_id": 17, "name": "Trassi"},
 {"ingredient_id": 742, "ingredient_category_id": 17, "name": "Squid"},
 {"ingredient_id": 743, "ingredient_category_id": 17, "name": "Red king crab"},
 {"ingredient_id": 744, "ingredient_category_id": 17, "name": "Common octopus"},
 {"ingredient_id": 745, "ingredient_category_id": 17, "name": "Irish moss"},
 {"ingredient_id": 746, "ingredient_category_id": 17, "name": "Leather chiton"},
 {"ingredient_id": 747, "ingredient_category_id": 17, "name": "North Pacific giant octopus"},
 {"ingredient_id": 748, "ingredient_category_id": 17, "name": "Spotted seal"},
 {"ingredient_id": 749, "ingredient_category_id": 17, "name": "Sea cucumber"},
 {"ingredient_id": 750, "ingredient_category_id": 17, "name": "Steller sea lion"},
 {"ingredient_id": 751, "ingredient_category_id": 17, "name": "Bearded seal"},
 {"ingredient_id": 752, "ingredient_category_id": 17, "name": "Ringed seal"},
 {"ingredient_id": 753, "ingredient_category_id": 17, "name": "Whelk"},
 {"ingredient_id": 754, "ingredient_category_id": 17, "name": "Spiny lobster"},
 {"ingredient_id": 755, "ingredient_category_id": 17, "name": "Bivalvia"},
 {"ingredient_id": 756, "ingredient_category_id": 17, "name": "Walrus"},
 {"ingredient_id": 757, "ingredient_category_id": 17, "name": "Purple laver"},
 {"ingredient_id": 758, "ingredient_category_id": 17, "name": "Wakame"},
 {"ingredient_id": 759, "ingredient_category_id": 17, "name": "Jellyfish"},
 {"ingredient_id": 760, "ingredient_category_id": 17, "name": "True seal"},
 {"ingredient_id": 761, "ingredient_category_id": 17, "name": "Red algae"},
 {"ingredient_id": 762, "ingredient_category_id": 17, "name": "Kombu"},
 {"ingredient_id": 763, "ingredient_category_id": 17, "name": "Ascidians"},
 {"ingredient_id": 764, "ingredient_category_id": 18, "name": "Anise"},
 {"ingredient_id": 765, "ingredient_category_id": 18, "name": "Anise Hyssop"},
 {"ingredient_id": 766, "ingredient_category_id": 18, "name": "Star Anise"},
 {"ingredient_id": 767, "ingredient_category_id": 18, "name": "Caraway"},
 {"ingredient_id": 768, "ingredient_category_id": 18, "name": "Cardamom"},
 {"ingredient_id": 769, "ingredient_category_id": 18, "name": "Cassia"},
 {"ingredient_id": 770, "ingredient_category_id": 18, "name": "Celery"},
 {"ingredient_id": 771, "ingredient_category_id": 18, "name": "Cinnamon"},
 {"ingredient_id": 772, "ingredient_category_id": 18, "name": "Clove"},
 {"ingredient_id": 773, "ingredient_category_id": 18, "name": "Cumin"},
 {"ingredient_id": 774, "ingredient_category_id": 18, "name": "Ginger"},
 {"ingredient_id": 775, "ingredient_category_id": 18, "name": "Mace"},
 {"ingredient_id": 776, "ingredient_category_id": 18, "name": "Marjoram"},
 {"ingredient_id": 777, "ingredient_category_id": 18, "name": "Nutmeg"},
 {"ingredient_id": 778, "ingredient_category_id": 18, "name": "Oregano"},
 {"ingredient_id": 779, "ingredient_category_id": 18, "name": "Parsley"},
 {"ingredient_id": 780, "ingredient_category_id": 18, "name": "Pepper"},
 {"ingredient_id": 781, "ingredient_category_id": 18, "name": "Saffron"},
 {"ingredient_id": 782, "ingredient_category_id": 18, "name": "Turmeric"},
 {"ingredient_id": 783, "ingredient_category_id": 18, "name": "Allspice"},
 {"ingredient_id": 784, "ingredient_category_id": 18, "name": "Asafoetida"},
 {"ingredient_id": 785, "ingredient_category_id": 18, "name": "Carom Seed"},
 {"ingredient_id": 786, "ingredient_category_id": 18, "name": "Jalapeno"},
 {"ingredient_id": 787, "ingredient_category_id": 18, "name": "Poppy Seed"},
 {"ingredient_id": 788, "ingredient_category_id": 18, "name": "White Pepper"},
 {"ingredient_id": 789, "ingredient_category_id": 18, "name": "Cayenne"},
 {"ingredient_id": 790, "ingredient_category_id": 19, "name": "Green Beans"},
 {"ingredient_id": 791, "ingredient_category_id": 19, "name": "Chive"},
 {"ingredient_id": 792, "ingredient_category_id": 19, "name": "Endive"},
 {"ingredient_id": 793, "ingredient_category_id": 19, "name": "Leek"},
 {"ingredient_id": 794, "ingredient_category_id": 19, "name": "Lettuce"},
 {"ingredient_id": 795, "ingredient_category_id": 19, "name": "Okra"},
 {"ingredient_id": 796, "ingredient_category_id": 19, "name": "Onion"},
 {"ingredient_id": 797, "ingredient_category_id": 19, "name": "Shallot"},
 {"ingredient_id": 798, "ingredient_category_id": 19, "name": "Broccoli"},
 {"ingredient_id": 799, "ingredient_category_id": 19, "name": "Brussels Sprout"},
 {"ingredient_id": 800, "ingredient_category_id": 19, "name": "Cabbage"},
 {"ingredient_id": 801, "ingredient_category_id": 19, "name": "Cauliflower"},
 {"ingredient_id": 802, "ingredient_category_id": 19, "name": "Horseradish"},
 {"ingredient_id": 803, "ingredient_category_id": 19, "name": "Mustard"},
 {"ingredient_id": 804, "ingredient_category_id": 19, "name": "Radish"},
 {"ingredient_id": 805, "ingredient_category_id": 19, "name": "Turnip"},
 {"ingredient_id": 806, "ingredient_category_id": 19, "name": "Kohlrabi"},
 {"ingredient_id": 807, "ingredient_category_id": 19, "name": "Rutabaga"},
 {"ingredient_id": 808, "ingredient_category_id": 19, "name": "Wasabi"},
 {"ingredient_id": 809, "ingredient_category_id": 19, "name": "Capsicum"},
 {"ingredient_id": 810, "ingredient_category_id": 19, "name": "Cherry Pepper"},
 {"ingredient_id": 811, "ingredient_category_id": 19, "name": "Tomato"},
 {"ingredient_id": 812, "ingredient_category_id": 19, "name": "Chayote"},
 {"ingredient_id": 813, "ingredient_category_id": 19, "name": "Cucumber"},
 {"ingredient_id": 814, "ingredient_category_id": 19, "name": "Beetroot"},
 {"ingredient_id": 815, "ingredient_category_id": 19, "name": "Carrot"},
 {"ingredient_id": 816, "ingredient_category_id": 19, "name": "Parsnip"},
 {"ingredient_id": 817, "ingredient_category_id": 19, "name": "Sweet Potato"},
 {"ingredient_id": 818, "ingredient_category_id": 19, "name": "Asparagus"},
 {"ingredient_id": 819, "ingredient_category_id": 19, "name": "Cassava"},
 {"ingredient_id": 820, "ingredient_category_id": 19, "name": "Potato"},
 {"ingredient_id": 821, "ingredient_category_id": 19, "name": "Ashgourd"},
 {"ingredient_id": 822, "ingredient_category_id": 19, "name": "Bittergourd"},
 {"ingredient_id": 823, "ingredient_category_id": 19, "name": "Bottlegourd"},
 {"ingredient_id": 824, "ingredient_category_id": 19, "name": "Chard"},
 {"ingredient_id": 825, "ingredient_category_id": 19, "name": "Colocasia"},
 {"ingredient_id": 826, "ingredient_category_id": 19, "name": "Drumstick Leaf"},
 {"ingredient_id": 827, "ingredient_category_id": 19, "name": "Eggplant"},
 {"ingredient_id": 828, "ingredient_category_id": 19, "name": "Spinach"},
 {"ingredient_id": 829, "ingredient_category_id": 19, "name": "Turkey Berry"},
 {"ingredient_id": 830, "ingredient_category_id": 19, "name": "Redskin onion"},
 {"ingredient_id": 831, "ingredient_category_id": 19, "name": "Burdock"},
 {"ingredient_id": 832, "ingredient_category_id": 19, "name": "Swamp cabbage"},
 {"ingredient_id": 833, "ingredient_category_id": 19, "name": "Ginseng"},
 {"ingredient_id": 834, "ingredient_category_id": 19, "name": "Welsh onion"},
 {"ingredient_id": 835, "ingredient_category_id": 19, "name": "Komatsuna"},
 {"ingredient_id": 836, "ingredient_category_id": 19, "name": "Pak choy"},
 {"ingredient_id": 837, "ingredient_category_id": 19, "name": "Kai lan"},
 {"ingredient_id": 838, "ingredient_category_id": 19, "name": "Arrowhead"},
 {"ingredient_id": 839, "ingredient_category_id": 19, "name": "Arrowroot"},
 {"ingredient_id": 840, "ingredient_category_id": 19, "name": "Rapini"},
 {"ingredient_id": 841, "ingredient_category_id": 19, "name": "Corn salad"},
 {"ingredient_id": 842, "ingredient_category_id": 19, "name": "Jerusalem artichoke"},
 {"ingredient_id": 843, "ingredient_category_id": 19, "name": "Kale"},
 {"ingredient_id": 844, "ingredient_category_id": 19, "name": "Malabar spinach"},
 {"ingredient_id": 845, "ingredient_category_id": 19, "name": "Mountain yam"},
 {"ingredient_id": 846, "ingredient_category_id": 19, "name": "New Zealand spinach"},
 {"ingredient_id": 847, "ingredient_category_id": 19, "name": "Prairie turnip"},
 {"ingredient_id": 848, "ingredient_category_id": 19, "name": "Hedge mustard"},
 {"ingredient_id": 849, "ingredient_category_id": 19, "name": "Taro"},
 {"ingredient_id": 850, "ingredient_category_id": 19, "name": "Towel gourd"},
 {"ingredient_id": 851, "ingredient_category_id": 19, "name": "Yam"},
 {"ingredient_id": 852, "ingredient_category_id": 19, "name": "Jicama"},
 {"ingredient_id": 853, "ingredient_category_id": 19, "name": "Tinda"},
 {"ingredient_id": 854, "ingredient_category_id": 19, "name": "Heart of palm"},
 {"ingredient_id": 855, "ingredient_category_id": 19, "name": "Tapioca pearl"},
 {"ingredient_id": 856, "ingredient_category_id": 19, "name": "Green zucchini"},
 {"ingredient_id": 857, "ingredient_category_id": 19, "name": "Zucchini"},
 {"ingredient_id": 858, "ingredient_category_id": 19, "name": "Cucurbita"},
 {"ingredient_id": 859, "ingredient_category_id": 19, "name": "Tomato Paste"},
 {"ingredient_id": 860, "ingredient_category_id": 19, "name": "Tomato Puree"},
 {"ingredient_id": 861, "ingredient_category_id": 19, "name": "Coriander Seed"},
 {"ingredient_id": 862, "ingredient_category_id": 19, "name": "Sauerkraut"},
 {"ingredient_id": 863, "ingredient_category_id": 18, "name": "Chilli Flakes"},
 {"ingredient_id": 864, "ingredient_category_id": 16, "name": "Olive Oil"},
 {"ingredient_id": 865, "ingredient_category_id": 16, "name": "Extra Virgin Olive Oil"},
 {"ingredient_id": 866, "ingredient_category_id": 16, "name": "Balsamic Vinegar"},
 {"ingredient_id": 867, "ingredient_category_id": 19, "name": "Mixed Sprouts"},
 {"ingredient_id": 868, "ingredient_category_id": 19, "name": "Ground Coriander"},
 {"ingredient_id": 869, "ingredient_category_id": 19, "name": "Red Chilli"},
 {"ingredient_id": 870, "ingredient_category_id": 19, "name": "Spring Onion"},
 {"ingredient_id": 871, "ingredient_category_id": 14, "name": "Smoked Ham"},
 {"ingredient_id": 872, "ingredient_category_id": 2, "name": "Lasagne Sheets"},
 {"ingredient_id": 873, "ingredient_category_id": 16, "name": "Pesto"},
 {"ingredient_id": 874, "ingredient_category_id": 14, "name": "Bacon"},
 {"ingredient_id": 875, "ingredient_category_id": 19, "name": "Courgette"},
 {"ingredient_id": 876, "ingredient_category_id": 11, "name": "Bay Leaf"},
 {"ingredient_id": 877, "ingredient_category_id": 9, "name": "Watermelon"},
 {"ingredient_id": 878, "ingredient_category_id": 1, "name": "Icing Sugar"},
 {"ingredient_id": 879, "ingredient_category_id": 1, "name": "Pork Sausage"},
 {"ingredient_id": 880, "ingredient_category_id": 1, "name": "Beef Mince"},
 {"ingredient_id": 881, "ingredient_category_id": 1, "name": "Custard Powder"},
 {"ingredient_id": 882, "ingredient_category_id": 15, "name": "Fennel Seed"},
 {"ingredient_id": 883, "ingredient_category_id": 17, "name": "Mussels"},
 {"ingredient_id": 884, "ingredient_category_id": 16, "name": "Samphire"},
 {"ingredient_id": 885, "ingredient_category_id": 5, "name": "Creme Fraiche"},
 {"ingredient_id": 886, "ingredient_category_id": 1, "name": "Vegetable Stock"},
 {"ingredient_id": 887, "ingredient_category_id": 1, "name": "Chicken Stock"},
 {"ingredient_id": 888, "ingredient_category_id": 14, "name": "Chorizo"},
 {"ingredient_id": 889, "ingredient_category_id": 19, "name": "Piquillo Pepper"},
 {"ingredient_id": 890, "ingredient_category_id": 1, "name": "Paprika"},
 {"ingredient_id": 891, "ingredient_category_id": 4, "name": "Rice Flour"},
 {"ingredient_id": 892, "ingredient_category_id": 10, "name": "Nutritional Yeast"},
 {"ingredient_id": 893, "ingredient_category_id": 3, "name": "Almond milk"},
 {"ingredient_id": 894, "ingredient_category_id": 16, "name": "Dark Chocolate"},
 {"ingredient_id": 895, "ingredient_category_id": 9, "name": "Raspberry Jam"},
 {"ingredient_id": 896, "ingredient_category_id": 1, "name": "Baking Soda"},
 {"ingredient_id": 897, "ingredient_category_id": 14, "name": "Pork Belly"},
 {"ingredient_id": 898, "ingredient_category_id": 1, "name": "Beef Stock"},
 {"ingredient_id": 899, "ingredient_category_id": 8, "name": "Sunflower Oil"},
 {"ingredient_id": 900, "ingredient_category_id": 17, "name": "Seabass"},
 {"ingredient_id": 901, "ingredient_category_id": 18, "name": "Zaatar"},
 {"ingredient_id": 902, "ingredient_category_id": 2, "name": "Filo Pastry"},
 {"ingredient_id": 903, "ingredient_category_id": 18, "name": "Mustard Seed"},
 {"ingredient_id": 904, "ingredient_category_id": 18, "name": "Chilli Powder"},
 {"ingredient_id": 905, "ingredient_category_id": 18, "name": "Cumin Seed"},
 {"ingredient_id": 906, "ingredient_category_id": 2, "name": "Poppadom"},
 {"ingredient_id": 907, "ingredient_category_id": 5, "name": "Ice Cream"},
 {"ingredient_id": 908, "ingredient_category_id": 15, "name": "Pine Nut"},
 {"ingredient_id": 909, "ingredient_category_id": 2, "name": "Panettone"},
 {"ingredient_id": 910, "ingredient_category_id": 5, "name": "Mascarpone Cheese"},
 {"ingredient_id": 911, "ingredient_category_id": 4, "name": "Granola"},
 {"ingredient_id": 912, "ingredient_category_id": 1, "name": "Shrimp Paste"},
 {"ingredient_id": 913, "ingredient_category_id": 19, "name": "Celeriac"},
 {"ingredient_id": 914, "ingredient_category_id": 14, "name": "Liver"},
 {"ingredient_id": 915, "ingredient_category_id": 9, "name": "Sultana"},
 {"ingredient_id": 916, "ingredient_category_id": 1, "name": "Hot Sauce"},
 {"ingredient_id": 917, "ingredient_category_id": 9, "name": "Clementine"},
 {"ingredient_id": 918, "ingredient_category_id": 16, "name": "Mayonnaise"},
 {"ingredient_id": 919, "ingredient_category_id": 16, "name": "Dijon Mustard"},
 {"ingredient_id": 920, "ingredient_category_id": 4, "name": "Gluten Free Flour"},
 {"ingredient_id": 921, "ingredient_category_id": 1, "name": "Marmite"},
 {"ingredient_id": 922, "ingredient_category_id": 9, "name": "Prune"},
 {"ingredient_id": 923, "ingredient_category_id": 4, "name": "Couscous"},
 {"ingredient_id": 924, "ingredient_category_id": 3, "name": "Ice Cube"},
 {"ingredient_id": 925, "ingredient_category_id": 3, "name": "Oat Milk"},
 {"ingredient_id": 926, "ingredient_category_id": 9, "name": "Frozen Fruit"},
 {"ingredient_id": 927, "ingredient_category_id": 3, "name": "Campari"},
 {"ingredient_id": 928, "ingredient_category_id": 9, "name": "Coconut Cream"},
 {"ingredient_id": 929, "ingredient_category_id": 5, "name": "White Chocolate"},
 {"ingredient_id": 930, "ingredient_category_id": 1, "name": "Worcestershire Sauce"},
 {"ingredient_id": 931, "ingredient_category_id": 4, "name": "Cornflour"},
 {"ingredient_id": 932, "ingredient_category_id": 2, "name": "Tart Shell"},
 {"ingredient_id": 933, "ingredient_category_id": 2, "name": "Tipo 00 Flour"},
 {"ingredient_id": 934, "ingredient_category_id": 2, "name": "Taco Shell"},
 {"ingredient_id": 935, "ingredient_category_id": 4, "name": "Jasmine Rice"},
 {"ingredient_id": 936, "ingredient_category_id": 15, "name": "Mixed Seeds"},
 {"ingredient_id": 937, "ingredient_category_id": 1, "name": "Chilli Jam"},
 {"ingredient_id": 938, "ingredient_category_id": 1, "name": "Sweet Chilli Sauce"},
 {"ingredient_id": 939, "ingredient_category_id": 16, "name": "Rice Vinegar"},
 {"ingredient_id": 940, "ingredient_category_id": 3, "name": "Mirin"},
 {"ingredient_id": 941, "ingredient_category_id": 18, "name": "Curry Powder"},
 {"ingredient_id": 942, "ingredient_category_id": 11, "name": "Pandan Leaf"},
 {"ingredient_id": 943, "ingredient_category_id": 16, "name": "Banana Leaf"},
 {"ingredient_id": 944, "ingredient_category_id": 1, "name": "Fish Sauce"},
 {"ingredient_id": 945, "ingredient_category_id": 12, "name": "String Beans"},
 {"ingredient_id": 946, "ingredient_category_id": 19, "name": "Bok Choy"},
 {"ingredient_id": 947, "ingredient_category_id": 12, "name": "Bean Sprouts"},
 {"ingredient_id": 948, "ingredient_category_id": 12, "name": "Black Bean"}


]
