[{"ruser_id": 0, "email": "kweber@hotmail.com", "username": "deputy", "password": "interference", "profile_picture": ""}, {"ruser_id": 1, "email": "aisha.lemke@dach.com", "username": "creation", "password": "cultivate", "profile_picture": ""}, {"ruser_id": 2, "email": "hbatz@walker.com", "username": "provoke", "password": "confidence", "profile_picture": ""}, {"ruser_id": 3, "email": "reilly06@gmail.com", "username": "integration", "password": "fireplace", "profile_picture": ""}, {"ruser_id": 4, "email": "zelma.mante@yahoo.com", "username": "powder", "password": "reflection", "profile_picture": ""}, {"ruser_id": 5, "email": "johnson.chelsie@gmail.com", "username": "finished", "password": "redundancy", "profile_picture": ""}, {"ruser_id": 6, "email": "caden.mertz@hotmail.com", "username": "capital", "password": "hilarious", "profile_picture": ""}, {"ruser_id": 7, "email": "sbarton@vonrueden.com", "username": "protect", "password": "contribution", "profile_picture": ""}, {"ruser_id": 8, "email": "brown.jennings@hotmail.com", "username": "contradiction", "password": "integration", "profile_picture": ""}, {"ruser_id": 9, "email": "bfritsch@herman.info", "username": "clinic", "password": "appearance", "profile_picture": ""}, {"ruser_id": 10, "email": "yrunolfsdottir@yahoo.com", "username": "expect", "password": "conscience", "profile_picture": ""}, {"ruser_id": 11, "email": "rae25@hotmail.com", "username": "urgency", "password": "vegetable", "profile_picture": ""}, {"ruser_id": 12, "email": "kole29@eichmann.net", "username": "alcohol", "password": "decorative", "profile_picture": ""}, {"ruser_id": 13, "email": "jazmin91@murphy.com", "username": "convince", "password": "colleague", "profile_picture": ""}, {"ruser_id": 14, "email": "yasmine.boehm@mayert.biz", "username": "threshold", "password": "economist", "profile_picture": ""}, {"ruser_id": 15, "email": "bins.ivory@lueilwitz.com", "username": "consider", "password": "chauvinist", "profile_picture": ""}, {"ruser_id": 16, "email": "asia98@gmail.com", "username": "inspector", "password": "automatic", "profile_picture": ""}, {"ruser_id": 17, "email": "jamil76@gibson.org", "username": "engagement", "password": "disappear", "profile_picture": ""}, {"ruser_id": 18, "email": "schiller.isadore@gmail.com", "username": "incapable", "password": "circulate", "profile_picture": ""}, {"ruser_id": 19, "email": "rosario03@stracke.info", "username": "prescription", "password": "earthflax", "profile_picture": ""}, {"ruser_id": 20, "email": "lilian90@mosciski.com", "username": "audience", "password": "definition", "profile_picture": ""}, {"ruser_id": 21, "email": "rosetta63@stracke.net", "username": "observer", "password": "credibility", "profile_picture": ""}, {"ruser_id": 22, "email": "gerardo.glover@barton.com", "username": "appointment", "password": "attractive", "profile_picture": ""}, {"ruser_id": 23, "email": "buckridge.teresa@boyle.org", "username": "marriage", "password": "thoughtful", "profile_picture": ""}, {"ruser_id": 24, "email": "kelsie.nolan@gmail.com", "username": "embark", "password": "difficulty", "profile_picture": ""}, {"ruser_id": 25, "email": "hermina98@okuneva.org", "username": "stride", "password": "consultation", "profile_picture": ""}, {"ruser_id": 26, "email": "tyree64@robel.info", "username": "adjust", "password": "injection", "profile_picture": ""}, {"ruser_id": 27, "email": "casper.junius@yahoo.com", "username": "minimize", "password": "nationalist", "profile_picture": ""}, {"ruser_id": 28, "email": "parisian.nova@yahoo.com", "username": "daughter", "password": "reception", "profile_picture": ""}, {"ruser_id": 29, "email": "obeer@hotmail.com", "username": "thought", "password": "expectation", "profile_picture": ""}, {"ruser_id": 30, "email": "nyost@medhurst.net", "username": "community", "password": "conference", "profile_picture": ""}, {"ruser_id": 31, "email": "strosin.jalen@yahoo.com", "username": "complication", "password": "responsible", "profile_picture": ""}, {"ruser_id": 32, "email": "ozella62@yahoo.com", "username": "emergency", "password": "variation", "profile_picture": ""}, {"ruser_id": 33, "email": "bradford.rau@yahoo.com", "username": "expectation", "password": "articulate", "profile_picture": ""}, {"ruser_id": 34, "email": "brakus.loyce@bailey.info", "username": "recession", "password": "direction", "profile_picture": ""}, {"ruser_id": 35, "email": "ali.lemke@windler.org", "username": "highway", "password": "integrated", "profile_picture": ""}, {"ruser_id": 36, "email": "lourdes.nikolaus@reichert.com", "username": "respect", "password": "deviation", "profile_picture": ""}, {"ruser_id": 37, "email": "itzel90@sporer.com", "username": "energy", "password": "admiration", "profile_picture": ""}, {"ruser_id": 38, "email": "laney74@yahoo.com", "username": "glacier", "password": "favourite", "profile_picture": ""}, {"ruser_id": 39, "email": "kristopher.sporer@kertzmann.biz", "username": "objective", "password": "domination", "profile_picture": ""}, {"ruser_id": 40, "email": "eli.dicki@yahoo.com", "username": "recruit", "password": "communication", "profile_picture": ""}, {"ruser_id": 41, "email": "hjenkins@jakubowski.com", "username": "operational", "password": "acceptance", "profile_picture": ""}, {"ruser_id": 42, "email": "audrey91@gleason.com", "username": "craftsman", "password": "miscarriage", "profile_picture": ""}, {"ruser_id": 43, "email": "joana.abshire@schiller.com", "username": "terrify", "password": "structure", "profile_picture": ""}, {"ruser_id": 44, "email": "chase88@gmail.com", "username": "experience", "password": "exclusive", "profile_picture": ""}, {"ruser_id": 45, "email": "eokon@yahoo.com", "username": "exercise", "password": "waterfall", "profile_picture": ""}, {"ruser_id": 46, "email": "joy.johns@schoen.com", "username": "articulate", "password": "parachute", "profile_picture": ""}, {"ruser_id": 47, "email": "zena72@mcdermott.com", "username": "reputation", "password": "beautiful", "profile_picture": ""}, {"ruser_id": 48, "email": "qrohan@goyette.info", "username": "development", "password": "photograph", "profile_picture": ""}, {"ruser_id": 49, "email": "pcole@murray.com", "username": "hypothesis", "password": "exploration", "profile_picture": ""}, {"ruser_id": 50, "email": "leonel02@kerluke.com", "username": "musical", "password": "landscape", "profile_picture": ""}, {"ruser_id": 51, "email": "aurelie.emard@yahoo.com", "username": "withdraw", "password": "extraterrestrial", "profile_picture": ""}, {"ruser_id": 52, "email": "randy27@schaefer.com", "username": "confession", "password": "cigarette", "profile_picture": ""}, {"ruser_id": 53, "email": "izabella.nienow@brakus.com", "username": "construct", "password": "freighter", "profile_picture": ""}, {"ruser_id": 54, "email": "milo64@rohan.org", "username": "abundant", "password": "situation", "profile_picture": ""}, {"ruser_id": 55, "email": "ccasper@farrell.net", "username": "hardship", "password": "assumption", "profile_picture": ""}, {"ruser_id": 56, "email": "gwitting@gorczany.biz", "username": "disposition", "password": "artificial", "profile_picture": ""}, {"ruser_id": 57, "email": "mann.laura@yahoo.com", "username": "administration", "password": "president", "profile_picture": ""}, {"ruser_id": 58, "email": "nikki.johnston@hotmail.com", "username": "uniform", "password": "comprehensive", "profile_picture": ""}, {"ruser_id": 59, "email": "greenfelder.vito@hotmail.com", "username": "strategic", "password": "expansion", "profile_picture": ""}, {"ruser_id": 60, "email": "edmund26@tremblay.info", "username": "crusade", "password": "sensation", "profile_picture": ""}, {"ruser_id": 61, "email": "kassulke.luz@watsica.info", "username": "effective", "password": "craftsman", "profile_picture": ""}, {"ruser_id": 62, "email": "nikolaus.cicero@ledner.com", "username": "security", "password": "dictionary", "profile_picture": ""}, {"ruser_id": 63, "email": "sierra.ortiz@hotmail.com", "username": "quality", "password": "elaborate", "profile_picture": ""}, {"ruser_id": 64, "email": "aharber@hotmail.com", "username": "central", "password": "available", "profile_picture": ""}, {"ruser_id": 65, "email": "erik48@kohler.com", "username": "compose", "password": "complication", "profile_picture": ""}, {"ruser_id": 66, "email": "orion.cummerata@yahoo.com", "username": "daughter", "password": "enthusiasm", "profile_picture": ""}, {"ruser_id": 67, "email": "yvette.hessel@yahoo.com", "username": "finished", "password": "candidate", "profile_picture": ""}, {"ruser_id": 68, "email": "hammes.alessia@hotmail.com", "username": "triangle", "password": "dependence", "profile_picture": ""}, {"ruser_id": 69, "email": "lakin.jennings@heidenreich.biz", "username": "homosexual", "password": "environmental", "profile_picture": ""}, {"ruser_id": 70, "email": "freida.turcotte@hotmail.com", "username": "dilemma", "password": "directory", "profile_picture": ""}, {"ruser_id": 71, "email": "bennett.hermann@hotmail.com", "username": "describe", "password": "hypothesize", "profile_picture": ""}, {"ruser_id": 72, "email": "rebeka.olson@kautzer.com", "username": "shadow", "password": "contemporary", "profile_picture": ""}, {"ruser_id": 73, "email": "jacobi.leland@hotmail.com", "username": "safety", "password": "conglomerate", "profile_picture": ""}, {"ruser_id": 74, "email": "reina17@hotmail.com", "username": "correction", "password": "formation", "profile_picture": ""}, {"ruser_id": 75, "email": "braun.cody@hauck.com", "username": "researcher", "password": "excavation", "profile_picture": ""}, {"ruser_id": 76, "email": "rolfson.celestino@yahoo.com", "username": "participate", "password": "possibility", "profile_picture": ""}, {"ruser_id": 77, "email": "ewest@hotmail.com", "username": "seasonal", "password": "presidency", "profile_picture": ""}, {"ruser_id": 78, "email": "green.mariana@kiehn.com", "username": "scheme", "password": "anniversary", "profile_picture": ""}, {"ruser_id": 79, "email": "schaden.dallas@goldner.com", "username": "define", "password": "departure", "profile_picture": ""}, {"ruser_id": 80, "email": "karelle19@rempel.org", "username": "liberty", "password": "admission", "profile_picture": ""}, {"ruser_id": 81, "email": "qmarquardt@streich.com", "username": "defend", "password": "machinery", "profile_picture": ""}, {"ruser_id": 82, "email": "maeve87@bahringer.com", "username": "poison", "password": "intermediate", "profile_picture": ""}, {"ruser_id": 83, "email": "zrenner@grimes.com", "username": "rotation", "password": "constitutional", "profile_picture": ""}, {"ruser_id": 84, "email": "austin84@gmail.com", "username": "medicine", "password": "demonstration", "profile_picture": ""}, {"ruser_id": 85, "email": "eroob@hotmail.com", "username": "safari", "password": "progressive", "profile_picture": ""}, {"ruser_id": 86, "email": "corkery.vita@effertz.net", "username": "trouble", "password": "houseplant", "profile_picture": ""}, {"ruser_id": 87, "email": "kameron.nienow@rempel.com", "username": "coffee", "password": "threshold", "profile_picture": ""}, {"ruser_id": 88, "email": "myrtle.waters@howell.net", "username": "captivate", "password": "horseshoe", "profile_picture": ""}, {"ruser_id": 89, "email": "fbeatty@nicolas.com", "username": "orthodox", "password": "integrated", "profile_picture": ""}, {"ruser_id": 90, "email": "oskiles@prosacco.org", "username": "satisfied", "password": "executive", "profile_picture": ""}, {"ruser_id": 91, "email": "jamel.collins@rath.org", "username": "shorts", "password": "combination", "profile_picture": ""}, {"ruser_id": 92, "email": "tpadberg@gmail.com", "username": "discrimination", "password": "frequency", "profile_picture": ""}, {"ruser_id": 93, "email": "clakin@hotmail.com", "username": "stumble", "password": "characteristic", "profile_picture": ""}, {"ruser_id": 94, "email": "awisozk@gmail.com", "username": "variable", "password": "lifestyle", "profile_picture": ""}, {"ruser_id": 95, "email": "mark.deckow@hotmail.com", "username": "process", "password": "conservative", "profile_picture": ""}, {"ruser_id": 96, "email": "felicity23@herman.com", "username": "hunting", "password": "revolutionary", "profile_picture": ""}, {"ruser_id": 97, "email": "cassin.jada@hirthe.info", "username": "silver", "password": "sanctuary", "profile_picture": ""}, {"ruser_id": 98, "email": "elian.blick@maggio.com", "username": "conductor", "password": "inhibition", "profile_picture": ""}, {"ruser_id": 99, "email": "shany68@yahoo.com", "username": "decoration", "password": "publisher", "profile_picture": ""}, {"ruser_id": 100, "email": "maxie62@hotmail.com", "username": "kettle", "password": "reluctance", "profile_picture": ""}, {"ruser_id": 101, "email": "eleazar01@gmail.com", "username": "remain", "password": "intensify", "profile_picture": ""}, {"ruser_id": 102, "email": "shanna.thiel@schuppe.info", "username": "exchange", "password": "available", "profile_picture": ""}, {"ruser_id": 103, "email": "ashley.goldner@hotmail.com", "username": "remind", "password": "earthquake", "profile_picture": ""}, {"ruser_id": 104, "email": "joelle66@lehner.com", "username": "redeem", "password": "announcement", "profile_picture": ""}, {"ruser_id": 105, "email": "jayson.jaskolski@gmail.com", "username": "indoor", "password": "waterfall", "profile_picture": ""}, {"ruser_id": 106, "email": "crolfson@ondricka.com", "username": "authority", "password": "correction", "profile_picture": ""}, {"ruser_id": 107, "email": "stamm.carli@walker.com", "username": "bridge", "password": "provincial", "profile_picture": ""}, {"ruser_id": 108, "email": "kim96@gmail.com", "username": "corruption", "password": "eliminate", "profile_picture": ""}, {"ruser_id": 109, "email": "alda.rutherford@hotmail.com", "username": "inquiry", "password": "spontaneous", "profile_picture": ""}, {"ruser_id": 110, "email": "florida61@gmail.com", "username": "dignity", "password": "infrastructure", "profile_picture": ""}, {"ruser_id": 111, "email": "russel.shemar@gmail.com", "username": "silence", "password": "excitement", "profile_picture": ""}, {"ruser_id": 112, "email": "rahsaan00@skiles.com", "username": "dynamic", "password": "development", "profile_picture": ""}, {"ruser_id": 113, "email": "npacocha@towne.com", "username": "solution", "password": "prosecute", "profile_picture": ""}, {"ruser_id": 114, "email": "eerdman@hotmail.com", "username": "minimum", "password": "speculate", "profile_picture": ""}, {"ruser_id": 115, "email": "yvonne.bosco@rolfson.org", "username": "epicalyx", "password": "selection", "profile_picture": ""}, {"ruser_id": 116, "email": "rau.jabari@hotmail.com", "username": "integrated", "password": "publisher", "profile_picture": ""}, {"ruser_id": 117, "email": "jewel.macejkovic@crist.com", "username": "decline", "password": "timetable", "profile_picture": ""}, {"ruser_id": 118, "email": "doyle.mariam@yahoo.com", "username": "mushroom", "password": "earthflax", "profile_picture": ""}, {"ruser_id": 119, "email": "schumm.antone@yahoo.com", "username": "cabinet", "password": "separation", "profile_picture": ""}, {"ruser_id": 120, "email": "priscilla.doyle@cartwright.com", "username": "native", "password": "cooperation", "profile_picture": ""}, {"ruser_id": 121, "email": "vfay@leannon.com", "username": "exposure", "password": "ambiguous", "profile_picture": ""}, {"ruser_id": 122, "email": "haag.joesph@gmail.com", "username": "vacuum", "password": "sacrifice", "profile_picture": ""}, {"ruser_id": 123, "email": "columbus.zemlak@hotmail.com", "username": "sample", "password": "manufacture", "profile_picture": ""}, {"ruser_id": 124, "email": "wilderman.malachi@yahoo.com", "username": "needle", "password": "government", "profile_picture": ""}, {"ruser_id": 125, "email": "schowalter.imani@yahoo.com", "username": "interrupt", "password": "confrontation", "profile_picture": ""}, {"ruser_id": 126, "email": "donald.howell@ritchie.org", "username": "quotation", "password": "illustrate", "profile_picture": ""}, {"ruser_id": 127, "email": "lemuel55@wolff.com", "username": "delete", "password": "performer", "profile_picture": ""}, {"ruser_id": 128, "email": "lschumm@larkin.biz", "username": "friendly", "password": "preference", "profile_picture": ""}, {"ruser_id": 129, "email": "anderson.akeem@hotmail.com", "username": "plaster", "password": "inhabitant", "profile_picture": ""}, {"ruser_id": 130, "email": "eileen10@hartmann.biz", "username": "forest", "password": "difficulty", "profile_picture": ""}, {"ruser_id": 131, "email": "diamond32@gmail.com", "username": "resist", "password": "integrated", "profile_picture": ""}, {"ruser_id": 132, "email": "athena54@murray.com", "username": "incapable", "password": "innovation", "profile_picture": ""}, {"ruser_id": 133, "email": "zlynch@yahoo.com", "username": "number", "password": "temporary", "profile_picture": ""}, {"ruser_id": 134, "email": "hegmann.kirsten@becker.org", "username": "decrease", "password": "conception", "profile_picture": ""}, {"ruser_id": 135, "email": "justen.considine@hotmail.com", "username": "family", "password": "interrupt", "profile_picture": ""}, {"ruser_id": 136, "email": "lilla65@armstrong.com", "username": "criminal", "password": "permanent", "profile_picture": ""}, {"ruser_id": 137, "email": "reyna53@hotmail.com", "username": "portrait", "password": "cultivate", "profile_picture": ""}, {"ruser_id": 138, "email": "cummings.christa@hotmail.com", "username": "battery", "password": "censorship", "profile_picture": ""}, {"ruser_id": 139, "email": "hollie.feeney@hotmail.com", "username": "stomach", "password": "admission", "profile_picture": ""}, {"ruser_id": 140, "email": "price.kiley@yahoo.com", "username": "consensus", "password": "transition", "profile_picture": ""}, {"ruser_id": 141, "email": "bernadine.swift@fadel.com", "username": "silver", "password": "celebration", "profile_picture": ""}, {"ruser_id": 142, "email": "jessika14@ruecker.com", "username": "spectrum", "password": "recording", "profile_picture": ""}, {"ruser_id": 143, "email": "jgreenfelder@hotmail.com", "username": "intervention", "password": "machinery", "profile_picture": ""}, {"ruser_id": 144, "email": "rfay@hotmail.com", "username": "opposition", "password": "professional", "profile_picture": ""}, {"ruser_id": 145, "email": "henderson.ohara@klocko.org", "username": "torture", "password": "firefighter", "profile_picture": ""}, {"ruser_id": 146, "email": "jenifer.gutkowski@padberg.com", "username": "tension", "password": "responsibility", "profile_picture": ""}, {"ruser_id": 147, "email": "xblock@murray.info", "username": "magazine", "password": "observation", "profile_picture": ""}, {"ruser_id": 148, "email": "mellie.wiegand@gmail.com", "username": "glacier", "password": "mainstream", "profile_picture": ""}, {"ruser_id": 149, "email": "rowena66@hotmail.com", "username": "canvas", "password": "possession", "profile_picture": ""}, {"ruser_id": 150, "email": "preston09@yahoo.com", "username": "undermine", "password": "permanent", "profile_picture": ""}, {"ruser_id": 151, "email": "nathanael00@gmail.com", "username": "shrink", "password": "competition", "profile_picture": ""}, {"ruser_id": 152, "email": "stehr.camden@hotmail.com", "username": "hilarious", "password": "democratic", "profile_picture": ""}, {"ruser_id": 153, "email": "ymraz@yahoo.com", "username": "crossing", "password": "correspondence", "profile_picture": ""}, {"ruser_id": 154, "email": "zena.graham@lubowitz.com", "username": "deteriorate", "password": "engagement", "profile_picture": ""}, {"ruser_id": 155, "email": "tpollich@hotmail.com", "username": "characteristic", "password": "uncertainty", "profile_picture": ""}, {"ruser_id": 156, "email": "aufderhar.otilia@hotmail.com", "username": "debate", "password": "eliminate", "profile_picture": ""}, {"ruser_id": 157, "email": "ewyman@gmail.com", "username": "secretary", "password": "substitute", "profile_picture": ""}, {"ruser_id": 158, "email": "zhammes@hotmail.com", "username": "circumstance", "password": "reproduction", "profile_picture": ""}, {"ruser_id": 159, "email": "mervin.steuber@hotmail.com", "username": "hypnothize", "password": "temporary", "profile_picture": ""}, {"ruser_id": 160, "email": "kessler.leonora@hotmail.com", "username": "printer", "password": "negligence", "profile_picture": ""}, {"ruser_id": 161, "email": "qcorkery@koch.info", "username": "career", "password": "dimension", "profile_picture": ""}, {"ruser_id": 162, "email": "kassulke.alvis@hermiston.com", "username": "resort", "password": "conscience", "profile_picture": ""}, {"ruser_id": 163, "email": "rgislason@yahoo.com", "username": "theorist", "password": "character", "profile_picture": ""}, {"ruser_id": 164, "email": "breichert@mccullough.biz", "username": "eternal", "password": "available", "profile_picture": ""}, {"ruser_id": 165, "email": "lorna30@mueller.net", "username": "spectrum", "password": "photocopy", "profile_picture": ""}, {"ruser_id": 166, "email": "oconnell.nicolette@thiel.com", "username": "discovery", "password": "suspicion", "profile_picture": ""}, {"ruser_id": 167, "email": "julien.wolf@rath.com", "username": "participate", "password": "nationalist", "profile_picture": ""}, {"ruser_id": 168, "email": "aorn@yahoo.com", "username": "throat", "password": "implication", "profile_picture": ""}, {"ruser_id": 169, "email": "leif92@mosciski.com", "username": "transform", "password": "participate", "profile_picture": ""}, {"ruser_id": 170, "email": "mann.presley@hamill.info", "username": "birthday", "password": "influence", "profile_picture": ""}, {"ruser_id": 171, "email": "delfina.nolan@powlowski.com", "username": "helicopter", "password": "candidate", "profile_picture": ""}, {"ruser_id": 172, "email": "ebogisich@schmitt.com", "username": "diameter", "password": "shareholder", "profile_picture": ""}, {"ruser_id": 173, "email": "bryana.deckow@dubuque.com", "username": "association", "password": "relationship", "profile_picture": ""}, {"ruser_id": 174, "email": "janae.strosin@hotmail.com", "username": "quantity", "password": "effective", "profile_picture": ""}, {"ruser_id": 175, "email": "pswaniawski@yahoo.com", "username": "architect", "password": "examination", "profile_picture": ""}, {"ruser_id": 176, "email": "ngerlach@hotmail.com", "username": "forward", "password": "eavesdrop", "profile_picture": ""}, {"ruser_id": 177, "email": "marguerite.murazik@pfeffer.com", "username": "rational", "password": "inflation", "profile_picture": ""}, {"ruser_id": 178, "email": "tyrese.stark@hotmail.com", "username": "courage", "password": "psychology", "profile_picture": ""}, {"ruser_id": 179, "email": "kschinner@hotmail.com", "username": "comedy", "password": "relevance", "profile_picture": ""}, {"ruser_id": 180, "email": "eqweqweqwe", "password": "12345678", "username": "qweqweqwe", "profile_picture": ""}, {"ruser_id": 181, "email": "pio@gmail.com", "password": "12345678", "username": "pio@gmail.com", "profile_picture": ""}, {"ruser_id": 182, "email": "458", "password": "12345678", "username": "123465", "profile_picture": ""}, {"ruser_id": 183, "email": "pio@gmail.com4", "password": "12345678", "username": "pio@gmail.com", "profile_picture": ""}]