[{"token": "eyJ0eXAiOiJKV1QiLCJhbGciOiJIUzI1NiJ9.eyJlbWFpbCI6ImJpbnMuaXZvcnlAbHVlaWx3aXR6LmNvbSIsImRhdGV0aW1lIjoiMjYtSnVuLTIwMjIgKDIxOjMxOjA1Ljg5OTE3MikifQ.fnC9lRlzvWf1c-yVWXbFP3cPcDyvzlYAn-b3XvHozM0", "user_id": 15, "is_contributor": false}, {"token": "eyJ0eXAiOiJKV1QiLCJhbGciOiJIUzI1NiJ9.eyJlbWFpbCI6Im1heGllNjJAaG90bWFpbC5jb20iLCJkYXRldGltZSI6IjI2LUp1bi0yMDIyICgyMTozMTowNS44OTkzNzApIn0.fkKVvNpsCfj1qoLCsqjb6HlHQ6C0Lojef__mU5NCCYE", "user_id": 100, "is_contributor": false}, {"token": "eyJ0eXAiOiJKV1QiLCJhbGciOiJIUzI1NiJ9.eyJlbWFpbCI6ImNhc3Blci5qZXN1c0BnbWFpbC5jb20iLCJkYXRldGltZSI6IjI2LUp1bi0yMDIyICgyMTozMTowNS44OTk0NDcpIn0.dIM3t5Jdus5PNQPwgjUCc7DtsiPUDljzCKjY7-zFgso", "user_id": 3, "is_contributor": true}, {"token": "eyJ0eXAiOiJKV1QiLCJhbGciOiJIUzI1NiJ9.eyJlbWFpbCI6Imphc2tvbHNraS5lcm5lc3RpbmVAcnlhbi5jb20iLCJkYXRldGltZSI6IjI2LUp1bi0yMDIyICgyMTozMTowNS44OTk1MDkpIn0.Z7KyFQkzUpctusjVOr6WpcPt1l4JrDuIjagMcXduleA", "user_id": 7, "is_contributor": true}, {"token": "eyJ0eXAiOiJKV1QiLCJhbGciOiJIUzI1NiJ9.eyJlbWFpbCI6ImVxd2Vxd2Vxd2UiLCJkYXRldGltZSI6IjI2LUp1bi0yMDIyICgyMTo1NTowOC43OTkzNDYpIn0.2cQVx8e_yZw_wKA4Am-cAf7C367pRM-U40VblCt8VgY", "user_id": 180, "is_contributor": false}, {"token": "eyJ0eXAiOiJKV1QiLCJhbGciOiJIUzI1NiJ9.eyJlbWFpbCI6InBpb0BnbWFpbC5jb20iLCJkYXRldGltZSI6IjI2LUp1bi0yMDIyICgyMjowMzoxNi40NDI5NTQpIn0.0Ep9fRkUv1BuhetZUw5nnqdnDkZkCdxTG1nENjaaADw", "user_id": 181, "is_contributor": false}, {"token": "eyJ0eXAiOiJKV1QiLCJhbGciOiJIUzI1NiJ9.eyJlbWFpbCI6IjQ1OCIsImRhdGV0aW1lIjoiMjYtSnVuLTIwMjIgKDIyOjA2OjIyLjMxOTEwOSkifQ.iTs4ryCFbMyueLwJqc_LcKHpLP6vpbSHFaB571eRuls", "user_id": 182, "is_contributor": false}, {"token": "eyJ0eXAiOiJKV1QiLCJhbGciOiJIUzI1NiJ9.eyJlbWFpbCI6InBpb0BnbWFpbC5jb200IiwiZGF0ZXRpbWUiOiIyNi1KdW4tMjAyMiAoMjI6MDY6NTIuNDExNTU5KSJ9.7CUQEBWQYBD1GmYUR9_2jGgf4y3inV5RCSeaxwG_0Yg", "user_id": 183, "is_contributor": false}, {"token": "eyJ0eXAiOiJKV1QiLCJhbGciOiJIUzI1NiJ9.eyJlbWFpbCI6InBpb0BnbWFpbC5jb20iLCJkYXRldGltZSI6IjI2LUp1bi0yMDIyICgyMzozOTowNC4wMTE3NDYpIn0.xmGso-qhxQG5V_lnIa-idvtAvqe318IhsexO5_FU28g", "user_id": 181, "is_contributor": false}, {"token": "eyJ0eXAiOiJKV1QiLCJhbGciOiJIUzI1NiJ9.eyJlbWFpbCI6InBpb0BnbWFpbC5jb20iLCJkYXRldGltZSI6IjI3LUp1bi0yMDIyICgwMDoyNzo1My45MDYzNjcpIn0.Er8YR_0KNdMDQxP_Y3BkU-BEnErf42E_0wrB-_hcReM", "user_id": 181, "is_contributor": false}, {"token": "eyJ0eXAiOiJKV1QiLCJhbGciOiJIUzI1NiJ9.eyJlbWFpbCI6InBpb0BnbWFpbC5jb20iLCJkYXRldGltZSI6IjI3LUp1bi0yMDIyICgwMTowNDo0Ni45NTIxNzYpIn0.Ekb1Ag0ZnOhkql42tIbL1Qin8dZzKYRg-ktU1V4oyY0", "user_id": 181, "is_contributor": false}, {"token": "eyJ0eXAiOiJKV1QiLCJhbGciOiJIUzI1NiJ9.eyJlbWFpbCI6InBpb0BnbWFpbC5jb20iLCJkYXRldGltZSI6IjI3LUp1bi0yMDIyICgwMTowODowMy41NjU3NjkpIn0.1Wih8sUtp6cIpKmIzaVk263WCnQIITLSZcUH5wqxk5I", "user_id": 181, "is_contributor": false}, {"token": "eyJ0eXAiOiJKV1QiLCJhbGciOiJIUzI1NiJ9.eyJlbWFpbCI6ImVyb2JlbEBzdGFtbS5jb20iLCJkYXRldGltZSI6IjI3LUp1bi0yMDIyICgwMToxMTo1My41MDA0MzApIn0.13M0sbgcn3ru_kNS1WEW4EP8kKPyfOK3p3UAmK1INic", "user_id": 19, "is_contributor": true}, {"token": "eyJ0eXAiOiJKV1QiLCJhbGciOiJIUzI1NiJ9.eyJlbWFpbCI6ImVyb2JlbEBzdGFtbS5jb20iLCJkYXRldGltZSI6IjI3LUp1bi0yMDIyICgyMDozMTozNC4xOTkwNjApIn0.2JsT4HUx3wEKvVHSzLkxmoCYEAEJw8RilV1x3EzQ2Oc", "user_id": 19, "is_contributor": true}]